ID,Age,Prof,Level,Place,A01,A02,A03,A04,A05,A06,B01,B02,B03,B04,B05,B06,C01,C02,C03,C04,C05,C06,D01,D02,D03,D04,D05,D06,GF01,GF02,GF03,GF04,GF05,GF06,GF07,GF08,GF09,GF10,GF11,GF12,UF01,UF02,UF03,UF04,UF05,UF06,UF07,UF08,UF09,UF10,UF11,UF12,UF13,UF14,UF15,UF16,UF17,UF18,UF19,UF20,UF21,UF22,UF23,UF24,UF25,UF26,UF27,UF28,UF29,UF30,UF31,UF32,UF33,UF34,UF35,UF36,ZA01,ZA02,ZA03,ZA04,ZA05,ZA06,ZB01,ZB02,ZB03,ZB04,ZB05,ZB06,ZC01,ZC02,ZC03,ZC04,ZC05,ZC06,ZD01,ZD02,ZD03,ZD04,ZD05,ZD06,ZGF01,ZGF02,ZGF03,ZGF04,ZGF05,ZGF06,ZGF07,ZGF08,ZGF09,ZGF10,ZGF11,ZGF12,ZUF01,ZUF02,ZUF03,ZUF04,ZUF05,ZUF06,ZUF07,ZUF08,ZUF09,ZUF10,ZUF11,ZUF12,ZUF13,ZUF14,ZUF15,ZUF16,ZUF17,ZUF18,ZUF19,ZUF20,ZUF21,ZUF22,ZUF23,ZUF24,ZUF25,ZUF26,ZUF27,ZUF28,ZUF29,ZUF30,ZUF31,ZUF32,ZUF33,ZUF34,ZUF35,ZUF36
JE66,20,10,Int,Jordan,7,5,2,5,5,5,5,4,1,3,3,5,3,2,2,4,3,4,7,4,5,5,4,3,3,5,5,5,5,6,5,6,2,5,5,5,3,3,3,4,6,3,3,5,3,2,2,2,4,2,3,3,2,4,3,2,5,5,4,2,2,5,3,3,3,3,3,3,3,3,4,3,-2.595935206,-1.036145812,1.303538279,-1.036145812,-1.036145812,-1.036145812,-1.036145812,-0.256251115,2.083432977,0.523643582,0.523643582,-1.036145812,0.523643582,1.303538279,1.303538279,-0.256251115,0.523643582,-0.256251115,-2.595935206,-0.256251115,-1.036145812,-1.036145812,-0.256251115,0.523643582,0.523643582,-1.036145812,-1.036145812,-1.036145812,-1.036145812,-1.816040509,-1.036145812,-1.816040509,1.303538279,-1.036145812,-1.036145812,-1.036145812,0.523643582,0.523643582,0.523643582,-0.256251115,-1.816040509,0.523643582,0.523643582,-1.036145812,0.523643582,1.303538279,1.303538279,1.303538279,-0.256251115,1.303538279,0.523643582,0.523643582,1.303538279,-0.256251115,0.523643582,1.303538279,-1.036145812,-1.036145812,-0.256251115,1.303538279,1.303538279,-1.036145812,0.523643582,0.523643582,0.523643582,0.523643582,0.523643582,0.523643582,0.523643582,0.523643582,-0.256251115,0.523643582
JE35,18,11,Int,Jordan,5,3,3,7,3,4,4,4,5,4,4,4,3,4,4,3,4,4,5,4,4,4,5,5,4,5,6,7,5,4,5,5,3,4,4,3,4,7,7,7,4,4,1,7,5,5,4,5,5,3,4,3,5,5,4,4,5,2,5,4,2,7,5,4,5,4,5,2,5,4,4,3,-0.513669256,1.084412873,1.084412873,-2.111751384,1.084412873,0.285371809,0.285371809,0.285371809,-0.513669256,0.285371809,0.285371809,0.285371809,1.084412873,0.285371809,0.285371809,1.084412873,0.285371809,0.285371809,-0.513669256,0.285371809,0.285371809,0.285371809,-0.513669256,-0.513669256,0.285371809,-0.513669256,-1.31271032,-2.111751384,-0.513669256,0.285371809,-0.513669256,-0.513669256,1.084412873,0.285371809,0.285371809,1.084412873,0.285371809,-2.111751384,-2.111751384,-2.111751384,0.285371809,0.285371809,2.682495002,-2.111751384,-0.513669256,-0.513669256,0.285371809,-0.513669256,-0.513669256,1.084412873,0.285371809,1.084412873,-0.513669256,-0.513669256,0.285371809,0.285371809,-0.513669256,1.883453938,-0.513669256,0.285371809,1.883453938,-2.111751384,-0.513669256,0.285371809,-0.513669256,0.285371809,-0.513669256,1.883453938,-0.513669256,0.285371809,0.285371809,1.084412873
JE06,25,12,Int,Jordan,1,7,7,7,7,7,7,7,1,1,1,1,1,1,3,3,1,1,7,1,7,1,1,7,1,1,1,7,1,1,7,3,3,3,1,1,7,1,7,7,7,1,1,7,7,1,1,1,3,3,3,3,3,1,3,3,7,7,7,1,1,7,1,1,1,1,1,1,1,7,7,1,0.858787094,-1.367697965,-1.367697965,-1.367697965,-1.367697965,-1.367697965,-1.367697965,-1.367697965,0.858787094,0.858787094,0.858787094,0.858787094,0.858787094,0.858787094,0.116625408,0.116625408,0.858787094,0.858787094,-1.367697965,0.858787094,-1.367697965,0.858787094,0.858787094,-1.367697965,0.858787094,0.858787094,0.858787094,-1.367697965,0.858787094,0.858787094,-1.367697965,0.116625408,0.116625408,0.116625408,0.858787094,0.858787094,-1.367697965,0.858787094,-1.367697965,-1.367697965,-1.367697965,0.858787094,0.858787094,-1.367697965,-1.367697965,0.858787094,0.858787094,0.858787094,0.116625408,0.116625408,0.116625408,0.116625408,0.116625408,0.858787094,0.116625408,0.116625408,-1.367697965,-1.367697965,-1.367697965,0.858787094,0.858787094,-1.367697965,0.858787094,0.858787094,0.858787094,0.858787094,0.858787094,0.858787094,0.858787094,-1.367697965,-1.367697965,0.858787094
JE18,34,13,Int,Jordan,5,4,4,6,6,5,6,1,6,4,4,5,5,4,2,4,4,5,4,4,7,6,4,7,7,6,4,4,4,4,6,6,6,5,4,6,5,4,6,7,4,4,5,6,3,4,6,6,3,5,4,2,5,3,5,2,4,4,5,4,5,7,5,2,1,5,2,4,4,4,4,5,-0.316289781,0.397912951,0.397912951,-1.030492513,-1.030492513,-0.316289781,-1.030492513,2.540521146,-1.030492513,0.397912951,0.397912951,-0.316289781,-0.316289781,0.397912951,1.826318415,0.397912951,0.397912951,-0.316289781,0.397912951,0.397912951,-1.744695245,-1.030492513,0.397912951,-1.744695245,-1.744695245,-1.030492513,0.397912951,0.397912951,0.397912951,0.397912951,-1.030492513,-1.030492513,-1.030492513,-0.316289781,0.397912951,-1.030492513,-0.316289781,0.397912951,-1.030492513,-1.744695245,0.397912951,0.397912951,-0.316289781,-1.030492513,1.112115683,0.397912951,-1.030492513,-1.030492513,1.112115683,-0.316289781,0.397912951,1.826318415,-0.316289781,1.112115683,-0.316289781,1.826318415,0.397912951,0.397912951,-0.316289781,0.397912951,-0.316289781,-1.744695245,-0.316289781,1.826318415,2.540521146,-0.316289781,1.826318415,0.397912951,0.397912951,0.397912951,0.397912951,-0.316289781
JE42,29,14,Int,Jordan,6,6,4,3,7,5,5,7,5,3,6,7,1,2,3,4,4,7,7,6,5,7,5,4,7,4,2,4,4,5,7,4,6,5,7,5,7,7,4,5,4,6,3,7,4,6,5,4,6,3,3,3,3,2,4,3,4,2,7,4,5,3,2,3,1,5,3,3,1,5,3,7,-0.873249349,-0.873249349,0.280098848,0.856772946,-1.449923447,-0.296575251,-0.296575251,-1.449923447,-0.296575251,0.856772946,-0.873249349,-1.449923447,2.010121143,1.433447044,0.856772946,0.280098848,0.280098848,-1.449923447,-1.449923447,-0.873249349,-0.296575251,-1.449923447,-0.296575251,0.280098848,-1.449923447,0.280098848,1.433447044,0.280098848,0.280098848,-0.296575251,-1.449923447,0.280098848,-0.873249349,-0.296575251,-1.449923447,-0.296575251,-1.449923447,-1.449923447,0.280098848,-0.296575251,0.280098848,-0.873249349,0.856772946,-1.449923447,0.280098848,-0.873249349,-0.296575251,0.280098848,-0.873249349,0.856772946,0.856772946,0.856772946,0.856772946,1.433447044,0.280098848,0.856772946,0.280098848,1.433447044,-1.449923447,0.280098848,-0.296575251,0.856772946,1.433447044,0.856772946,2.010121143,-0.296575251,0.856772946,0.856772946,2.010121143,-0.296575251,0.856772946,-1.449923447
JE37,24,15,Int,Jordan,7,3,5,4,5,4,3,4,4,3,6,5,5,5,3,5,4,5,6,5,4,4,5,7,4,3,4,4,5,5,5,5,6,4,5,6,4,7,3,5,4,5,4,6,7,6,4,5,5,3,4,4,2,5,4,5,5,4,5,7,2,4,4,4,5,2,5,2,3,3,2,7,-2.045460933,1.190296475,-0.427582229,0.381357123,-0.427582229,0.381357123,1.190296475,0.381357123,0.381357123,1.190296475,-1.236521581,-0.427582229,-0.427582229,-0.427582229,1.190296475,-0.427582229,0.381357123,-0.427582229,-1.236521581,-0.427582229,0.381357123,0.381357123,-0.427582229,-2.045460933,0.381357123,1.190296475,0.381357123,0.381357123,-0.427582229,-0.427582229,-0.427582229,-0.427582229,-1.236521581,0.381357123,-0.427582229,-1.236521581,0.381357123,-2.045460933,1.190296475,-0.427582229,0.381357123,-0.427582229,0.381357123,-1.236521581,-2.045460933,-1.236521581,0.381357123,-0.427582229,-0.427582229,1.190296475,0.381357123,0.381357123,1.999235827,-0.427582229,0.381357123,-0.427582229,-0.427582229,0.381357123,-0.427582229,-2.045460933,1.999235827,0.381357123,0.381357123,0.381357123,-0.427582229,1.999235827,-0.427582229,1.999235827,1.190296475,1.190296475,1.999235827,-2.045460933
JE10,25,17,Int,Jordan,3,6,2,4,3,4,3,6,4,5,2,5,2,3,1,1,3,2,6,4,6,4,5,5,3,2,2,5,2,2,2,5,2,4,3,3,2,3,2,2,5,2,2,3,3,5,2,4,4,6,3,2,2,3,2,2,2,2,3,4,7,4,1,4,3,1,3,3,2,2,2,2,0.091632727,-2.046464235,0.804331714,-0.62106626,0.091632727,-0.62106626,0.091632727,-2.046464235,-0.62106626,-1.333765248,0.804331714,-1.333765248,0.804331714,0.091632727,1.517030701,1.517030701,0.091632727,0.804331714,-2.046464235,-0.62106626,-2.046464235,-0.62106626,-1.333765248,-1.333765248,0.091632727,0.804331714,0.804331714,-1.333765248,0.804331714,0.804331714,0.804331714,-1.333765248,0.804331714,-0.62106626,0.091632727,0.091632727,0.804331714,0.091632727,0.804331714,0.804331714,-1.333765248,0.804331714,0.804331714,0.091632727,0.091632727,-1.333765248,0.804331714,-0.62106626,-0.62106626,-2.046464235,0.091632727,0.804331714,0.804331714,0.091632727,0.804331714,0.804331714,0.804331714,0.804331714,0.091632727,-0.62106626,-2.759163222,-0.62106626,1.517030701,-0.62106626,0.091632727,1.517030701,0.091632727,0.091632727,0.804331714,0.804331714,0.804331714,0.804331714
JE30,24,17,Int,Jordan,3,5,3,3,4,5,5,4,4,3,6,5,2,3,3,4,4,2,3,3,3,7,4,3,5,4,5,2,2,2,4,4,4,4,4,4,5,2,4,6,4,6,4,6,4,3,4,4,5,4,4,2,3,4,3,4,5,3,4,2,2,4,4,5,2,2,4,5,5,2,2,4,0.639005392,-1.048933379,0.639005392,0.639005392,-0.204963994,-1.048933379,-1.048933379,-0.204963994,-0.204963994,0.639005392,-1.892902765,-1.048933379,1.482974778,0.639005392,0.639005392,-0.204963994,-0.204963994,1.482974778,0.639005392,0.639005392,0.639005392,-2.73687215,-0.204963994,0.639005392,-1.048933379,-0.204963994,-1.048933379,1.482974778,1.482974778,1.482974778,-0.204963994,-0.204963994,-0.204963994,-0.204963994,-0.204963994,-0.204963994,-1.048933379,1.482974778,-0.204963994,-1.892902765,-0.204963994,-1.892902765,-0.204963994,-1.892902765,-0.204963994,0.639005392,-0.204963994,-0.204963994,-1.048933379,-0.204963994,-0.204963994,1.482974778,0.639005392,-0.204963994,0.639005392,-0.204963994,-1.048933379,0.639005392,-0.204963994,1.482974778,1.482974778,-0.204963994,-0.204963994,-1.048933379,1.482974778,1.482974778,-0.204963994,-1.048933379,-1.048933379,1.482974778,1.482974778,-0.204963994
JE56,20,17,Int,Jordan,7,4,4,5,4,4,5,3,4,6,4,5,4,2,2,3,4,7,6,4,6,5,6,5,2,6,5,5,4,7,5,6,4,7,6,4,7,5,7,4,4,6,4,7,5,7,6,5,4,5,4,2,5,5,5,3,5,1,3,3,3,3,2,3,3,5,4,5,3,5,2,3,-1.73996239,0.312802227,0.312802227,-0.371452645,0.312802227,0.312802227,-0.371452645,0.9970571,0.312802227,-1.055707518,0.312802227,-0.371452645,0.312802227,1.681311972,1.681311972,0.9970571,0.312802227,-1.73996239,-1.055707518,0.312802227,-1.055707518,-0.371452645,-1.055707518,-0.371452645,1.681311972,-1.055707518,-0.371452645,-0.371452645,0.312802227,-1.73996239,-0.371452645,-1.055707518,0.312802227,-1.73996239,-1.055707518,0.312802227,-1.73996239,-0.371452645,-1.73996239,0.312802227,0.312802227,-1.055707518,0.312802227,-1.73996239,-0.371452645,-1.73996239,-1.055707518,-0.371452645,0.312802227,-0.371452645,0.312802227,1.681311972,-0.371452645,-0.371452645,-0.371452645,0.9970571,-0.371452645,2.365566845,0.9970571,0.9970571,0.9970571,0.9970571,1.681311972,0.9970571,0.9970571,-0.371452645,0.312802227,-0.371452645,0.9970571,-0.371452645,1.681311972,0.9970571
JE34,20,18,Int,Jordan,4,3,7,5,5,5,6,7,4,4,4,7,5,4,4,1,5,5,7,7,4,7,7,4,7,4,7,5,5,5,7,7,4,7,2,4,3,5,5,4,5,4,7,3,3,7,5,5,3,1,3,3,2,2,3,1,1,4,1,1,4,5,5,5,5,5,2,3,5,3,3,1,0.195584831,0.743222358,-1.447327751,-0.352052696,-0.352052696,-0.352052696,-0.899690223,-1.447327751,0.195584831,0.195584831,0.195584831,-1.447327751,-0.352052696,0.195584831,0.195584831,1.838497413,-0.352052696,-0.352052696,-1.447327751,-1.447327751,0.195584831,-1.447327751,-1.447327751,0.195584831,-1.447327751,0.195584831,-1.447327751,-0.352052696,-0.352052696,-0.352052696,-1.447327751,-1.447327751,0.195584831,-1.447327751,1.290859886,0.195584831,0.743222358,-0.352052696,-0.352052696,0.195584831,-0.352052696,0.195584831,-1.447327751,0.743222358,0.743222358,-1.447327751,-0.352052696,-0.352052696,0.743222358,1.838497413,0.743222358,0.743222358,1.290859886,1.290859886,0.743222358,1.838497413,1.838497413,0.195584831,1.838497413,1.838497413,0.195584831,-0.352052696,-0.352052696,-0.352052696,-0.352052696,-0.352052696,1.290859886,0.743222358,-0.352052696,0.743222358,0.743222358,1.838497413
JE47,19,18,Int,Jordan,6,6,5,4,5,6,6,4,4,3,6,6,4,4,4,5,3,3,3,5,4,5,5,4,6,7,6,7,7,5,6,6,6,6,5,5,7,7,7,6,7,6,6,5,7,7,6,6,4,3,5,5,3,2,3,2,2,2,5,1,5,5,3,2,4,4,2,2,4,2,5,4,-0.841356817,-0.841356817,-0.214814506,0.411727804,-0.214814506,-0.841356817,-0.841356817,0.411727804,0.411727804,1.038270114,-0.841356817,-0.841356817,0.411727804,0.411727804,0.411727804,-0.214814506,1.038270114,1.038270114,1.038270114,-0.214814506,0.411727804,-0.214814506,-0.214814506,0.411727804,-0.841356817,-1.467899127,-0.841356817,-1.467899127,-1.467899127,-0.214814506,-0.841356817,-0.841356817,-0.841356817,-0.841356817,-0.214814506,-0.214814506,-1.467899127,-1.467899127,-1.467899127,-0.841356817,-1.467899127,-0.841356817,-0.841356817,-0.214814506,-1.467899127,-1.467899127,-0.841356817,-0.841356817,0.411727804,1.038270114,-0.214814506,-0.214814506,1.038270114,1.664812424,1.038270114,1.664812424,1.664812424,1.664812424,-0.214814506,2.291354735,-0.214814506,-0.214814506,1.038270114,1.664812424,0.411727804,0.411727804,1.664812424,1.664812424,0.411727804,1.664812424,-0.214814506,0.411727804
JE61,19,19,Int,Jordan,2,5,6,4,6,5,4,5,4,4,3,4,2,2,4,5,4,5,5,2,2,5,4,4,3,3,2,4,4,5,5,7,2,2,3,1,3,5,2,2,3,2,5,6,7,7,4,6,4,6,5,4,4,3,3,2,3,5,3,4,5,4,2,1,2,2,3,2,3,2,4,2,1.153926558,-0.865444919,-1.538568745,-0.192321093,-1.538568745,-0.865444919,-0.192321093,-0.865444919,-0.192321093,-0.192321093,0.480802733,-0.192321093,1.153926558,1.153926558,-0.192321093,-0.865444919,-0.192321093,-0.865444919,-0.865444919,1.153926558,1.153926558,-0.865444919,-0.192321093,-0.192321093,0.480802733,0.480802733,1.153926558,-0.192321093,-0.192321093,-0.865444919,-0.865444919,-2.21169257,1.153926558,1.153926558,0.480802733,1.827050384,0.480802733,-0.865444919,1.153926558,1.153926558,0.480802733,1.153926558,-0.865444919,-1.538568745,-2.21169257,-2.21169257,-0.192321093,-1.538568745,-0.192321093,-1.538568745,-0.865444919,-0.192321093,-0.192321093,0.480802733,0.480802733,1.153926558,0.480802733,-0.865444919,0.480802733,-0.192321093,-0.865444919,-0.192321093,1.153926558,1.827050384,1.153926558,1.153926558,0.480802733,1.153926558,0.480802733,1.153926558,-0.192321093,1.153926558
JE09,20,20,Int,Jordan,6,7,6,7,3,7,5,7,7,7,5,7,5,4,4,5,4,7,3,2,4,7,5,5,7,7,5,4,4,7,7,5,7,7,6,6,4,6,4,6,7,7,7,7,3,2,3,5,3,5,2,3,2,2,4,3,1,1,1,4,1,5,3,1,4,1,3,2,5,4,3,3,-0.764686709,-1.274477848,-0.764686709,-1.274477848,0.764686709,-1.274477848,-0.25489557,-1.274477848,-1.274477848,-1.274477848,-0.25489557,-1.274477848,-0.25489557,0.25489557,0.25489557,-0.25489557,0.25489557,-1.274477848,0.764686709,1.274477848,0.25489557,-1.274477848,-0.25489557,-0.25489557,-1.274477848,-1.274477848,-0.25489557,0.25489557,0.25489557,-1.274477848,-1.274477848,-0.25489557,-1.274477848,-1.274477848,-0.764686709,-0.764686709,0.25489557,-0.764686709,0.25489557,-0.764686709,-1.274477848,-1.274477848,-1.274477848,-1.274477848,0.764686709,1.274477848,0.764686709,-0.25489557,0.764686709,-0.25489557,1.274477848,0.764686709,1.274477848,1.274477848,0.25489557,0.764686709,1.784268987,1.784268987,1.784268987,0.25489557,1.784268987,-0.25489557,0.764686709,1.784268987,0.25489557,1.784268987,0.764686709,1.274477848,-0.25489557,0.25489557,0.764686709,0.764686709
JE48,18,20,Int,Jordan,7,7,7,7,7,7,7,5,7,1,7,7,1,1,1,1,3,2,7,5,7,4,5,5,5,1,7,1,1,5,1,7,5,5,1,5,1,4,7,7,7,7,1,7,7,7,5,3,1,1,1,1,1,1,1,1,3,1,1,1,1,1,3,1,2,1,1,1,1,4,1,1,-1.364471581,-1.364471581,-1.364471581,-1.364471581,-1.364471581,-1.364471581,-1.364471581,-0.591086879,-1.364471581,0.955682524,-1.364471581,-1.364471581,0.955682524,0.955682524,0.955682524,0.955682524,0.182297823,0.568990174,-1.364471581,-0.591086879,-1.364471581,-0.204394528,-0.591086879,-0.591086879,-0.591086879,0.955682524,-1.364471581,0.955682524,0.955682524,-0.591086879,0.955682524,-1.364471581,-0.591086879,-0.591086879,0.955682524,-0.591086879,0.955682524,-0.204394528,-1.364471581,-1.364471581,-1.364471581,-1.364471581,0.955682524,-1.364471581,-1.364471581,-1.364471581,-0.591086879,0.182297823,0.955682524,0.955682524,0.955682524,0.955682524,0.955682524,0.955682524,0.955682524,0.955682524,0.182297823,0.955682524,0.955682524,0.955682524,0.955682524,0.955682524,0.182297823,0.955682524,0.568990174,0.955682524,0.955682524,0.955682524,0.955682524,-0.204394528,0.955682524,0.955682524
JE67,18,20,Int,Jordan,2,2,2,4,4,5,5,4,4,5,3,5,2,1,1,1,3,2,5,2,5,5,6,5,2,3,2,2,5,2,2,2,5,2,1,2,3,3,2,2,3,2,1,2,3,2,2,1,2,3,2,1,2,2,2,2,2,2,1,2,2,1,2,3,3,2,2,2,2,2,3,2,0.488286438,0.488286438,0.488286438,-1.065352228,-1.065352228,-1.842171561,-1.842171561,-1.065352228,-1.065352228,-1.842171561,-0.288532895,-1.842171561,0.488286438,1.265105771,1.265105771,1.265105771,-0.288532895,0.488286438,-1.842171561,0.488286438,-1.842171561,-1.842171561,-2.618990894,-1.842171561,0.488286438,-0.288532895,0.488286438,0.488286438,-1.842171561,0.488286438,0.488286438,0.488286438,-1.842171561,0.488286438,1.265105771,0.488286438,-0.288532895,-0.288532895,0.488286438,0.488286438,-0.288532895,0.488286438,1.265105771,0.488286438,-0.288532895,0.488286438,0.488286438,1.265105771,0.488286438,-0.288532895,0.488286438,1.265105771,0.488286438,0.488286438,0.488286438,0.488286438,0.488286438,0.488286438,1.265105771,0.488286438,0.488286438,1.265105771,0.488286438,-0.288532895,-0.288532895,0.488286438,0.488286438,0.488286438,0.488286438,0.488286438,-0.288532895,0.488286438
JE58,18,21,Int,Jordan,7,7,7,7,1,7,1,1,7,2,5,2,5,2,3,4,4,1,5,4,5,7,5,7,7,3,1,6,1,7,1,4,3,1,3,7,7,7,7,6,7,1,7,1,7,6,2,3,3,3,3,3,3,2,3,1,1,1,2,1,1,5,1,5,1,1,1,1,1,4,2,3,-1.488232192,-1.488232192,-1.488232192,-1.488232192,1.105367479,-1.488232192,1.105367479,1.105367479,-1.488232192,0.673100867,-0.623698969,0.673100867,-0.623698969,0.673100867,0.240834255,-0.191432357,-0.191432357,1.105367479,-0.623698969,-0.191432357,-0.623698969,-1.488232192,-0.623698969,-1.488232192,-1.488232192,0.240834255,1.105367479,-1.055965581,1.105367479,-1.488232192,1.105367479,-0.191432357,0.240834255,1.105367479,0.240834255,-1.488232192,-1.488232192,-1.488232192,-1.488232192,-1.055965581,-1.488232192,1.105367479,-1.488232192,1.105367479,-1.488232192,-1.055965581,0.673100867,0.240834255,0.240834255,0.240834255,0.240834255,0.240834255,0.240834255,0.673100867,0.240834255,1.105367479,1.105367479,1.105367479,0.673100867,1.105367479,1.105367479,-0.623698969,1.105367479,-0.623698969,1.105367479,1.105367479,1.105367479,1.105367479,1.105367479,-0.191432357,0.673100867,0.240834255
JE60,19,21,Int,Jordan,3,5,3,5,3,4,3,6,4,5,5,3,2,3,5,4,4,2,2,6,3,4,4,6,5,7,7,5,6,7,7,4,6,6,4,5,5,5,6,6,6,7,6,3,6,6,4,6,7,3,7,5,4,2,5,2,2,1,1,5,2,1,2,5,4,5,4,3,5,4,2,5,0.829442349,-0.367690938,0.829442349,-0.367690938,0.829442349,0.230875705,0.829442349,-0.966257581,0.230875705,-0.367690938,-0.367690938,0.829442349,1.428008992,0.829442349,-0.367690938,0.230875705,0.230875705,1.428008992,1.428008992,-0.966257581,0.829442349,0.230875705,0.230875705,-0.966257581,-0.367690938,-1.564824225,-1.564824225,-0.367690938,-0.966257581,-1.564824225,-1.564824225,0.230875705,-0.966257581,-0.966257581,0.230875705,-0.367690938,-0.367690938,-0.367690938,-0.966257581,-0.966257581,-0.966257581,-1.564824225,-0.966257581,0.829442349,-0.966257581,-0.966257581,0.230875705,-0.966257581,-1.564824225,0.829442349,-1.564824225,-0.367690938,0.230875705,1.428008992,-0.367690938,1.428008992,1.428008992,2.026575635,2.026575635,-0.367690938,1.428008992,2.026575635,1.428008992,-0.367690938,0.230875705,-0.367690938,0.230875705,0.829442349,-0.367690938,0.230875705,1.428008992,-0.367690938
JE11,19,22,Int,Jordan,4,3,6,4,4,3,4,4,3,3,6,7,2,5,4,2,6,7,6,6,3,5,7,2,7,7,7,4,4,5,5,4,6,5,7,4,4,6,5,6,5,5,5,4,5,6,3,4,5,1,1,2,3,2,7,1,1,1,5,2,5,2,5,5,2,4,5,4,3,4,2,2,0.130294973,0.700335479,-1.00978604,0.130294973,0.130294973,0.700335479,0.130294973,0.130294973,0.700335479,0.700335479,-1.00978604,-1.579826546,1.270375985,-0.439745533,0.130294973,1.270375985,-1.00978604,-1.579826546,-1.00978604,-1.00978604,0.700335479,-0.439745533,-1.579826546,1.270375985,-1.579826546,-1.579826546,-1.579826546,0.130294973,0.130294973,-0.439745533,-0.439745533,0.130294973,-1.00978604,-0.439745533,-1.579826546,0.130294973,0.130294973,-1.00978604,-0.439745533,-1.00978604,-0.439745533,-0.439745533,-0.439745533,0.130294973,-0.439745533,-1.00978604,0.700335479,0.130294973,-0.439745533,1.840416491,1.840416491,1.270375985,0.700335479,1.270375985,-1.579826546,1.840416491,1.840416491,1.840416491,-0.439745533,1.270375985,-0.439745533,1.270375985,-0.439745533,-0.439745533,1.270375985,0.130294973,-0.439745533,0.130294973,0.700335479,0.130294973,1.270375985,1.270375985
JE31,28,22,Int,Jordan,5,1,5,7,4,4,5,5,4,5,5,6,3,2,2,1,2,4,7,7,2,5,7,3,5,7,6,2,5,5,2,5,3,5,2,5,5,4,3,2,2,1,4,3,2,5,6,2,2,3,3,3,3,3,3,3,4,3,5,2,2,1,4,3,4,2,3,4,2,4,2,2,-0.836610629,1.655421031,-0.836610629,-2.082626459,-0.213602714,-0.213602714,-0.836610629,-0.836610629,-0.213602714,-0.836610629,-0.836610629,-1.459618544,0.409405201,1.032413116,1.032413116,1.655421031,1.032413116,-0.213602714,-2.082626459,-2.082626459,1.032413116,-0.836610629,-2.082626459,0.409405201,-0.836610629,-2.082626459,-1.459618544,1.032413116,-0.836610629,-0.836610629,1.032413116,-0.836610629,0.409405201,-0.836610629,1.032413116,-0.836610629,-0.836610629,-0.213602714,0.409405201,1.032413116,1.032413116,1.655421031,-0.213602714,0.409405201,1.032413116,-0.836610629,-1.459618544,1.032413116,1.032413116,0.409405201,0.409405201,0.409405201,0.409405201,0.409405201,0.409405201,0.409405201,-0.213602714,0.409405201,-0.836610629,1.032413116,1.032413116,1.655421031,-0.213602714,0.409405201,-0.213602714,1.032413116,0.409405201,-0.213602714,1.032413116,-0.213602714,1.032413116,1.032413116
JE65,23,22,Int,Jordan,4,4,5,4,4,5,4,5,4,4,4,6,2,2,2,1,2,1,4,4,2,5,5,6,4,5,4,4,5,4,4,5,2,4,4,3,4,4,4,4,3,4,3,4,4,3,3,4,4,4,3,4,4,3,3,4,4,5,4,3,3,4,4,4,3,3,4,3,4,4,4,4,-0.260232259,-0.260232259,-1.272246601,-0.260232259,-0.260232259,-1.272246601,-0.260232259,-1.272246601,-0.260232259,-0.260232259,-0.260232259,-2.284260943,1.763796424,1.763796424,1.763796424,2.775810766,1.763796424,2.775810766,-0.260232259,-0.260232259,1.763796424,-1.272246601,-1.272246601,-2.284260943,-0.260232259,-1.272246601,-0.260232259,-0.260232259,-1.272246601,-0.260232259,-0.260232259,-1.272246601,1.763796424,-0.260232259,-0.260232259,0.751782082,-0.260232259,-0.260232259,-0.260232259,-0.260232259,0.751782082,-0.260232259,0.751782082,-0.260232259,-0.260232259,0.751782082,0.751782082,-0.260232259,-0.260232259,-0.260232259,0.751782082,-0.260232259,-0.260232259,0.751782082,0.751782082,-0.260232259,-0.260232259,-1.272246601,-0.260232259,0.751782082,0.751782082,-0.260232259,-0.260232259,-0.260232259,0.751782082,0.751782082,-0.260232259,0.751782082,-0.260232259,-0.260232259,-0.260232259,-0.260232259
JE22,18,24,Int,Jordan,3,4,5,1,1,5,6,6,5,1,6,2,1,2,6,6,3,5,2,4,5,5,6,7,7,1,7,5,7,5,2,5,3,2,7,4,7,4,5,5,5,4,3,1,6,6,4,4,4,4,1,3,7,4,5,5,4,2,1,2,2,3,3,1,4,2,2,4,4,5,4,5,0.538438452,0,-0.538438452,1.615315355,1.615315355,-0.538438452,-1.076876904,-1.076876904,-0.538438452,1.615315355,-1.076876904,1.076876904,1.615315355,1.076876904,-1.076876904,-1.076876904,0.538438452,-0.538438452,1.076876904,0,-0.538438452,-0.538438452,-1.076876904,-1.615315355,-1.615315355,1.615315355,-1.615315355,-0.538438452,-1.615315355,-0.538438452,1.076876904,-0.538438452,0.538438452,1.076876904,-1.615315355,0,-1.615315355,0,-0.538438452,-0.538438452,-0.538438452,0,0.538438452,1.615315355,-1.076876904,-1.076876904,0,0,0,0,1.615315355,0.538438452,-1.615315355,0,-0.538438452,-0.538438452,0,1.076876904,1.615315355,1.076876904,1.076876904,0.538438452,0.538438452,1.615315355,0,1.076876904,1.076876904,0,0,-0.538438452,0,-0.538438452
JE32,19,25,Int,Jordan,7,2,3,6,6,5,3,1,4,2,1,3,2,2,2,2,2,2,2,5,5,5,5,3,1,3,2,2,2,2,5,2,2,1,2,3,3,3,6,5,1,4,3,3,5,5,4,3,4,4,4,5,2,3,2,3,1,4,4,3,4,1,1,4,5,2,1,1,3,3,3,3,-2.789329519,0.735094061,0.030209345,-2.084444803,-2.084444803,-1.379560087,0.030209345,1.439978777,-0.674675371,0.735094061,1.439978777,0.030209345,0.735094061,0.735094061,0.735094061,0.735094061,0.735094061,0.735094061,0.735094061,-1.379560087,-1.379560087,-1.379560087,-1.379560087,0.030209345,1.439978777,0.030209345,0.735094061,0.735094061,0.735094061,0.735094061,-1.379560087,0.735094061,0.735094061,1.439978777,0.735094061,0.030209345,0.030209345,0.030209345,-2.084444803,-1.379560087,1.439978777,-0.674675371,0.030209345,0.030209345,-1.379560087,-1.379560087,-0.674675371,0.030209345,-0.674675371,-0.674675371,-0.674675371,-1.379560087,0.735094061,0.030209345,0.735094061,0.030209345,1.439978777,-0.674675371,-0.674675371,0.030209345,-0.674675371,1.439978777,1.439978777,-0.674675371,-1.379560087,0.735094061,1.439978777,1.439978777,0.030209345,0.030209345,0.030209345,0.030209345
JE64,18,25,Int,Jordan,5,5,7,7,7,6,5,6,5,7,7,7,5,1,1,3,2,1,5,4,6,4,6,6,5,5,5,6,5,5,5,6,5,6,5,5,6,3,6,3,3,1,3,3,1,3,3,1,6,5,3,3,3,2,5,3,3,3,2,1,3,5,2,3,2,3,7,3,2,2,3,1,-0.518774972,-0.518774972,-1.586841091,-1.586841091,-1.586841091,-1.052808031,-0.518774972,-1.052808031,-0.518774972,-1.586841091,-1.586841091,-1.586841091,-0.518774972,1.617357265,1.617357265,0.549291147,1.083324206,1.617357265,-0.518774972,0.015258087,-1.052808031,0.015258087,-1.052808031,-1.052808031,-0.518774972,-0.518774972,-0.518774972,-1.052808031,-0.518774972,-0.518774972,-0.518774972,-1.052808031,-0.518774972,-1.052808031,-0.518774972,-0.518774972,-1.052808031,0.549291147,-1.052808031,0.549291147,0.549291147,1.617357265,0.549291147,0.549291147,1.617357265,0.549291147,0.549291147,1.617357265,-1.052808031,-0.518774972,0.549291147,0.549291147,0.549291147,1.083324206,-0.518774972,0.549291147,0.549291147,0.549291147,1.083324206,1.617357265,0.549291147,-0.518774972,1.083324206,0.549291147,1.083324206,0.549291147,-1.586841091,0.549291147,1.083324206,1.083324206,0.549291147,1.617357265
JE68,23,25,Int,Jordan,7,7,7,4,5,4,3,3,5,2,5,1,4,4,4,3,3,1,2,5,4,5,5,4,3,7,2,7,7,6,7,5,7,6,3,7,7,7,3,6,4,5,1,1,1,1,4,3,1,3,1,1,3,7,1,3,1,2,1,1,2,5,3,1,1,5,5,5,2,7,3,7,-1.547484439,-1.547484439,-1.547484439,-0.10955642,-0.58886576,-0.10955642,0.369752919,0.369752919,-0.58886576,0.849062259,-0.58886576,1.328371598,-0.10955642,-0.10955642,-0.10955642,0.369752919,0.369752919,1.328371598,0.849062259,-0.58886576,-0.10955642,-0.58886576,-0.58886576,-0.10955642,0.369752919,-1.547484439,0.849062259,-1.547484439,-1.547484439,-1.068175099,-1.547484439,-0.58886576,-1.547484439,-1.068175099,0.369752919,-1.547484439,-1.547484439,-1.547484439,0.369752919,-1.068175099,-0.10955642,-0.58886576,1.328371598,1.328371598,1.328371598,1.328371598,-0.10955642,0.369752919,1.328371598,0.369752919,1.328371598,1.328371598,0.369752919,-1.547484439,1.328371598,0.369752919,1.328371598,0.849062259,1.328371598,1.328371598,0.849062259,-0.58886576,0.369752919,1.328371598,1.328371598,-0.58886576,-0.58886576,-0.58886576,0.849062259,-1.547484439,0.369752919,-1.547484439
JE29,19,27,Int,Jordan,5,3,3,4,4,3,3,7,3,4,4,2,5,4,5,5,6,3,2,3,3,5,5,5,2,3,5,5,5,4,5,7,2,4,3,2,2,4,5,3,3,3,3,6,3,4,2,3,3,5,3,7,3,3,3,5,3,4,1,3,3,4,3,2,4,3,3,5,2,3,3,2,-1.027860999,0.502995808,0.502995808,-0.262432595,-0.262432595,0.502995808,0.502995808,-2.558717805,0.502995808,-0.262432595,-0.262432595,1.268424211,-1.027860999,-0.262432595,-1.027860999,-1.027860999,-1.793289402,0.502995808,1.268424211,0.502995808,0.502995808,-1.027860999,-1.027860999,-1.027860999,1.268424211,0.502995808,-1.027860999,-1.027860999,-1.027860999,-0.262432595,-1.027860999,-2.558717805,1.268424211,-0.262432595,0.502995808,1.268424211,1.268424211,-0.262432595,-1.027860999,0.502995808,0.502995808,0.502995808,0.502995808,-1.793289402,0.502995808,-0.262432595,1.268424211,0.502995808,0.502995808,-1.027860999,0.502995808,-2.558717805,0.502995808,0.502995808,0.502995808,-1.027860999,0.502995808,-0.262432595,2.033852614,0.502995808,0.502995808,-0.262432595,0.502995808,1.268424211,-0.262432595,0.502995808,0.502995808,-1.027860999,1.268424211,0.502995808,0.502995808,1.268424211
JE59,23,27,Int,Jordan,2,6,5,4,4,4,3,7,4,2,4,5,4,2,3,4,4,4,5,5,4,5,6,6,7,6,7,7,7,7,7,7,6,7,7,6,7,7,7,7,4,6,4,1,1,1,6,4,3,6,2,7,2,5,3,5,1,1,1,3,1,5,4,4,4,3,5,7,7,5,7,3,1.348061502,-0.703336436,-0.190486951,0.322362533,0.322362533,0.322362533,0.835212018,-1.21618592,0.322362533,1.348061502,0.322362533,-0.190486951,0.322362533,1.348061502,0.835212018,0.322362533,0.322362533,0.322362533,-0.190486951,-0.190486951,0.322362533,-0.190486951,-0.703336436,-0.703336436,-1.21618592,-0.703336436,-1.21618592,-1.21618592,-1.21618592,-1.21618592,-1.21618592,-1.21618592,-0.703336436,-1.21618592,-1.21618592,-0.703336436,-1.21618592,-1.21618592,-1.21618592,-1.21618592,0.322362533,-0.703336436,0.322362533,1.860910987,1.860910987,1.860910987,-0.703336436,0.322362533,0.835212018,-0.703336436,1.348061502,-1.21618592,1.348061502,-0.190486951,0.835212018,-0.190486951,1.860910987,1.860910987,1.860910987,0.835212018,1.860910987,-0.190486951,0.322362533,0.322362533,0.322362533,0.835212018,-0.190486951,-1.21618592,-1.21618592,-0.190486951,-1.21618592,0.835212018
JE41,19,29,Int,Jordan,4,3,2,3,4,4,4,4,3,4,4,3,4,3,3,3,3,3,4,4,4,5,5,4,4,5,1,5,5,2,5,4,3,3,2,2,3,3,2,3,4,3,4,3,2,4,3,4,1,4,2,4,4,3,3,4,3,3,2,3,3,2,4,4,4,1,4,5,2,5,3,4,-0.62254275,0.36786617,1.358275091,0.36786617,-0.62254275,-0.62254275,-0.62254275,-0.62254275,0.36786617,-0.62254275,-0.62254275,0.36786617,-0.62254275,0.36786617,0.36786617,0.36786617,0.36786617,0.36786617,-0.62254275,-0.62254275,-0.62254275,-1.61295167,-1.61295167,-0.62254275,-0.62254275,-1.61295167,2.348684011,-1.61295167,-1.61295167,1.358275091,-1.61295167,-0.62254275,0.36786617,0.36786617,1.358275091,1.358275091,0.36786617,0.36786617,1.358275091,0.36786617,-0.62254275,0.36786617,-0.62254275,0.36786617,1.358275091,-0.62254275,0.36786617,-0.62254275,2.348684011,-0.62254275,1.358275091,-0.62254275,-0.62254275,0.36786617,0.36786617,-0.62254275,0.36786617,0.36786617,1.358275091,0.36786617,0.36786617,1.358275091,-0.62254275,-0.62254275,-0.62254275,2.348684011,-0.62254275,-1.61295167,1.358275091,-1.61295167,0.36786617,-0.62254275
JE63,19,29,Int,Jordan,7,6,6,5,4,5,4,4,1,2,4,5,3,4,2,4,2,2,2,2,5,5,5,2,5,6,5,6,5,5,5,5,4,5,2,5,7,7,7,3,1,1,1,2,1,1,1,1,1,3,5,7,7,3,2,3,5,3,1,1,2,1,2,2,2,1,2,2,3,3,2,2,-1.961858838,-1.425413062,-1.425413062,-0.888967286,-0.35252151,-0.888967286,-0.35252151,-0.35252151,1.256815818,0.720370042,-0.35252151,-0.888967286,0.183924266,-0.35252151,0.720370042,-0.35252151,0.720370042,0.720370042,0.720370042,0.720370042,-0.888967286,-0.888967286,-0.888967286,0.720370042,-0.888967286,-1.425413062,-0.888967286,-1.425413062,-0.888967286,-0.888967286,-0.888967286,-0.888967286,-0.35252151,-0.888967286,0.720370042,-0.888967286,-1.961858838,-1.961858838,-1.961858838,0.183924266,1.256815818,1.256815818,1.256815818,0.720370042,1.256815818,1.256815818,1.256815818,1.256815818,1.256815818,0.183924266,-0.888967286,-1.961858838,-1.961858838,0.183924266,0.720370042,0.183924266,-0.888967286,0.183924266,1.256815818,1.256815818,0.720370042,1.256815818,0.720370042,0.720370042,0.720370042,1.256815818,0.720370042,0.720370042,0.183924266,0.183924266,0.720370042,0.720370042
JE36,21,31,Adv,Jordan,4,7,4,4,5,6,4,6,5,5,6,5,5,3,5,3,4,3,6,4,5,7,5,7,5,3,5,5,6,5,7,6,6,6,4,7,6,5,4,4,6,6,4,3,1,6,5,1,1,5,6,5,6,5,7,6,1,1,1,5,5,5,5,4,5,4,7,5,6,5,7,5,0.503862114,-1.419975048,0.503862114,0.503862114,-0.13741694,-0.778695994,0.503862114,-0.778695994,-0.13741694,-0.13741694,-0.778695994,-0.13741694,-0.13741694,1.145141168,-0.13741694,1.145141168,0.503862114,1.145141168,-0.778695994,0.503862114,-0.13741694,-1.419975048,-0.13741694,-1.419975048,-0.13741694,1.145141168,-0.13741694,-0.13741694,-0.778695994,-0.13741694,-1.419975048,-0.778695994,-0.778695994,-0.778695994,0.503862114,-1.419975048,-0.778695994,-0.13741694,0.503862114,0.503862114,-0.778695994,-0.778695994,0.503862114,1.145141168,2.427699276,-0.778695994,-0.13741694,2.427699276,2.427699276,-0.13741694,-0.778695994,-0.13741694,-0.778695994,-0.13741694,-1.419975048,-0.778695994,2.427699276,2.427699276,2.427699276,-0.13741694,-0.13741694,-0.13741694,-0.13741694,0.503862114,-0.13741694,0.503862114,-1.419975048,-0.13741694,-0.778695994,-0.13741694,-1.419975048,-0.13741694
JE14,22,32,Adv,Jordan,1,4,4,4,3,4,3,4,7,5,5,4,3,5,4,1,3,3,4,2,3,5,1,2,3,1,6,6,6,5,4,5,4,4,4,4,5,4,3,4,5,4,3,2,4,4,1,4,6,4,4,2,3,4,5,4,5,5,5,4,3,2,4,4,5,4,4,4,3,4,4,3,2.301570718,-0.127222502,-0.127222502,-0.127222502,0.682375238,-0.127222502,0.682375238,-0.127222502,-2.556015722,-0.936820242,-0.936820242,-0.127222502,0.682375238,-0.936820242,-0.127222502,2.301570718,0.682375238,0.682375238,-0.127222502,1.491972978,0.682375238,-0.936820242,2.301570718,1.491972978,0.682375238,2.301570718,-1.746417982,-1.746417982,-1.746417982,-0.936820242,-0.127222502,-0.936820242,-0.127222502,-0.127222502,-0.127222502,-0.127222502,-0.936820242,-0.127222502,0.682375238,-0.127222502,-0.936820242,-0.127222502,0.682375238,1.491972978,-0.127222502,-0.127222502,2.301570718,-0.127222502,-1.746417982,-0.127222502,-0.127222502,1.491972978,0.682375238,-0.127222502,-0.936820242,-0.127222502,-0.936820242,-0.936820242,-0.936820242,-0.127222502,0.682375238,1.491972978,-0.127222502,-0.127222502,-0.936820242,-0.127222502,-0.127222502,-0.127222502,0.682375238,-0.127222502,-0.127222502,0.682375238
JE38,21,32,Adv,Jordan,6,6,6,6,6,6,6,5,6,6,5,6,3,5,3,3,3,7,4,4,5,5,4,6,6,5,6,5,7,7,7,4,5,5,5,4,7,6,6,6,1,1,6,1,1,6,4,6,1,6,5,7,7,4,4,1,1,1,1,5,5,5,4,4,5,3,6,5,4,5,6,2,-0.763987314,-0.763987314,-0.763987314,-0.763987314,-0.763987314,-0.763987314,-0.763987314,-0.206913231,-0.763987314,-0.763987314,-0.206913231,-0.763987314,0.907234936,-0.206913231,0.907234936,0.907234936,0.907234936,-1.321061398,0.350160852,0.350160852,-0.206913231,-0.206913231,0.350160852,-0.763987314,-0.763987314,-0.206913231,-0.763987314,-0.206913231,-1.321061398,-1.321061398,-1.321061398,0.350160852,-0.206913231,-0.206913231,-0.206913231,0.350160852,-1.321061398,-0.763987314,-0.763987314,-0.763987314,2.021383102,2.021383102,-0.763987314,2.021383102,2.021383102,-0.763987314,0.350160852,-0.763987314,2.021383102,-0.763987314,-0.206913231,-1.321061398,-1.321061398,0.350160852,0.350160852,2.021383102,2.021383102,2.021383102,2.021383102,-0.206913231,-0.206913231,-0.206913231,0.350160852,0.350160852,-0.206913231,0.907234936,-0.763987314,-0.206913231,0.350160852,-0.206913231,-0.763987314,1.464309019
JE45,22,34,Adv,Jordan,2,4,4,4,3,7,3,4,6,2,3,6,1,3,5,4,3,2,6,3,1,4,4,7,7,2,5,2,2,5,2,4,7,4,5,6,4,6,7,4,4,5,4,1,1,2,5,2,6,6,1,3,6,3,2,2,5,5,1,5,5,2,3,4,3,4,6,2,6,3,5,6,1.098588059,-0.040688447,-0.040688447,-0.040688447,0.528949806,-1.749603206,0.528949806,-0.040688447,-1.179964953,1.098588059,0.528949806,-1.179964953,1.668226312,0.528949806,-0.6103267,-0.040688447,0.528949806,1.098588059,-1.179964953,0.528949806,1.668226312,-0.040688447,-0.040688447,-1.749603206,-1.749603206,1.098588059,-0.6103267,1.098588059,1.098588059,-0.6103267,1.098588059,-0.040688447,-1.749603206,-0.040688447,-0.6103267,-1.179964953,-0.040688447,-1.179964953,-1.749603206,-0.040688447,-0.040688447,-0.6103267,-0.040688447,1.668226312,1.668226312,1.098588059,-0.6103267,1.098588059,-1.179964953,-1.179964953,1.668226312,0.528949806,-1.179964953,0.528949806,1.098588059,1.098588059,-0.6103267,-0.6103267,1.668226312,-0.6103267,-0.6103267,1.098588059,0.528949806,-0.040688447,0.528949806,-0.040688447,-1.179964953,1.098588059,-1.179964953,0.528949806,-0.6103267,-1.179964953
JE53,22,35,Adv,Jordan,7,5,7,7,6,6,3,7,4,7,6,4,7,2,5,7,7,7,7,7,7,7,7,3,6,7,7,7,7,7,7,7,4,7,7,7,4,7,7,6,6,1,1,6,1,5,1,5,6,1,4,3,6,3,3,1,1,1,1,3,6,6,1,1,1,2,2,2,4,5,2,6,-0.975841056,-0.116609938,-0.975841056,-0.975841056,-0.546225497,-0.546225497,0.742621181,-0.975841056,0.313005622,-0.975841056,-0.546225497,0.313005622,-0.975841056,1.172236741,-0.116609938,-0.975841056,-0.975841056,-0.975841056,-0.975841056,-0.975841056,-0.975841056,-0.975841056,-0.975841056,0.742621181,-0.546225497,-0.975841056,-0.975841056,-0.975841056,-0.975841056,-0.975841056,-0.975841056,-0.975841056,0.313005622,-0.975841056,-0.975841056,-0.975841056,0.313005622,-0.975841056,-0.975841056,-0.546225497,-0.546225497,1.6018523,1.6018523,-0.546225497,1.6018523,-0.116609938,1.6018523,-0.116609938,-0.546225497,1.6018523,0.313005622,0.742621181,-0.546225497,0.742621181,0.742621181,1.6018523,1.6018523,1.6018523,1.6018523,0.742621181,-0.546225497,-0.546225497,1.6018523,1.6018523,1.6018523,1.172236741,1.172236741,1.172236741,0.313005622,-0.116609938,1.172236741,-0.546225497
JE03,23,36,Adv,Jordan,4,6,2,1,3,6,1,1,1,4,2,1,1,2,5,2,5,4,2,5,4,6,6,5,1,1,7,7,7,7,7,7,6,7,6,6,4,1,5,5,1,5,1,6,5,5,5,1,4,1,4,6,3,5,3,6,6,6,2,1,1,6,1,1,1,1,1,1,1,1,6,1,-0.18213738,-1.061421283,0.697146523,1.136788474,0.257504572,-1.061421283,1.136788474,1.136788474,1.136788474,-0.18213738,0.697146523,1.136788474,1.136788474,0.697146523,-0.621779331,0.697146523,-0.621779331,-0.18213738,0.697146523,-0.621779331,-0.18213738,-1.061421283,-1.061421283,-0.621779331,1.136788474,1.136788474,-1.501063234,-1.501063234,-1.501063234,-1.501063234,-1.501063234,-1.501063234,-1.061421283,-1.501063234,-1.061421283,-1.061421283,-0.18213738,1.136788474,-0.621779331,-0.621779331,1.136788474,-0.621779331,1.136788474,-1.061421283,-0.621779331,-0.621779331,-0.621779331,1.136788474,-0.18213738,1.136788474,-0.18213738,-1.061421283,0.257504572,-0.621779331,0.257504572,-1.061421283,-1.061421283,-1.061421283,0.697146523,1.136788474,1.136788474,-1.061421283,1.136788474,1.136788474,1.136788474,1.136788474,1.136788474,1.136788474,1.136788474,1.136788474,-1.061421283,1.136788474
JE33,23,36,Adv,Jordan,5,5,6,4,5,7,4,4,4,5,1,1,7,4,4,5,6,2,1,5,6,5,1,5,5,6,7,5,5,6,5,7,6,6,6,6,6,6,7,7,1,1,5,6,1,1,6,5,5,6,4,3,6,3,3,6,6,1,6,6,6,6,4,3,2,5,2,6,2,6,2,5,-0.24241779,-0.24241779,-0.772706706,0.287871126,-0.24241779,-1.302995622,0.287871126,0.287871126,0.287871126,-0.24241779,1.878737874,1.878737874,-1.302995622,0.287871126,0.287871126,-0.24241779,-0.772706706,1.348448958,1.878737874,-0.24241779,-0.772706706,-0.24241779,1.878737874,-0.24241779,-0.24241779,-0.772706706,-1.302995622,-0.24241779,-0.24241779,-0.772706706,-0.24241779,-1.302995622,-0.772706706,-0.772706706,-0.772706706,-0.772706706,-0.772706706,-0.772706706,-1.302995622,-1.302995622,1.878737874,1.878737874,-0.24241779,-0.772706706,1.878737874,1.878737874,-0.772706706,-0.24241779,-0.24241779,-0.772706706,0.287871126,0.818160042,-0.772706706,0.818160042,0.818160042,-0.772706706,-0.772706706,1.878737874,-0.772706706,-0.772706706,-0.772706706,-0.772706706,0.287871126,0.818160042,1.348448958,-0.24241779,1.348448958,-0.772706706,1.348448958,-0.772706706,1.348448958,-0.24241779
JE57,23,36,Adv,Jordan,5,4,7,4,5,4,3,4,3,3,5,4,4,7,4,4,5,2,4,5,7,6,5,3,5,5,7,4,6,4,4,6,4,4,7,4,6,5,4,5,5,6,5,1,5,1,5,4,5,6,5,5,3,5,5,6,5,5,4,2,4,6,5,5,4,4,2,3,2,5,6,4,-0.360170616,0.381357123,-1.843226095,0.381357123,-0.360170616,0.381357123,1.122884862,0.381357123,1.122884862,1.122884862,-0.360170616,0.381357123,0.381357123,-1.843226095,0.381357123,0.381357123,-0.360170616,1.864412601,0.381357123,-0.360170616,-1.843226095,-1.101698355,-0.360170616,1.122884862,-0.360170616,-0.360170616,-1.843226095,0.381357123,-1.101698355,0.381357123,0.381357123,-1.101698355,0.381357123,0.381357123,-1.843226095,0.381357123,-1.101698355,-0.360170616,0.381357123,-0.360170616,-0.360170616,-1.101698355,-0.360170616,2.605940341,-0.360170616,2.605940341,-0.360170616,0.381357123,-0.360170616,-1.101698355,-0.360170616,-0.360170616,1.122884862,-0.360170616,-0.360170616,-1.101698355,-0.360170616,-0.360170616,0.381357123,1.864412601,0.381357123,-1.101698355,-0.360170616,-0.360170616,0.381357123,0.381357123,1.864412601,1.122884862,1.864412601,-0.360170616,-1.101698355,0.381357123
JE26,23,37,Adv,Jordan,5,6,4,4,4,4,4,7,6,4,4,5,3,5,4,5,7,6,5,5,6,4,4,3,6,6,6,4,4,4,5,5,3,5,4,5,4,6,3,5,4,5,1,2,4,6,5,5,3,6,5,5,4,4,4,5,3,1,5,4,5,3,4,3,3,3,2,5,4,4,5,6,-0.511149358,-1.324341518,0.302042802,0.302042802,0.302042802,0.302042802,0.302042802,-2.137533679,-1.324341518,0.302042802,0.302042802,-0.511149358,1.115234963,-0.511149358,0.302042802,-0.511149358,-2.137533679,-1.324341518,-0.511149358,-0.511149358,-1.324341518,0.302042802,0.302042802,1.115234963,-1.324341518,-1.324341518,-1.324341518,0.302042802,0.302042802,0.302042802,-0.511149358,-0.511149358,1.115234963,-0.511149358,0.302042802,-0.511149358,0.302042802,-1.324341518,1.115234963,-0.511149358,0.302042802,-0.511149358,2.741619283,1.928427123,0.302042802,-1.324341518,-0.511149358,-0.511149358,1.115234963,-1.324341518,-0.511149358,-0.511149358,0.302042802,0.302042802,0.302042802,-0.511149358,1.115234963,2.741619283,-0.511149358,0.302042802,-0.511149358,1.115234963,0.302042802,1.115234963,1.115234963,1.115234963,1.928427123,-0.511149358,0.302042802,0.302042802,-0.511149358,-1.324341518
JE28,22,37,Adv,Jordan,6,5,7,5,5,7,4,5,5,4,6,7,5,6,5,5,5,5,5,5,5,5,5,7,6,5,5,6,5,6,6,6,5,6,5,6,7,7,6,5,4,1,1,1,1,6,1,5,6,1,6,5,6,3,3,6,5,5,5,1,4,6,5,1,4,5,2,5,2,6,6,6,-0.724630607,-0.134814997,-1.314446218,-0.134814997,-0.134814997,-1.314446218,0.455000614,-0.134814997,-0.134814997,0.455000614,-0.724630607,-1.314446218,-0.134814997,-0.724630607,-0.134814997,-0.134814997,-0.134814997,-0.134814997,-0.134814997,-0.134814997,-0.134814997,-0.134814997,-0.134814997,-1.314446218,-0.724630607,-0.134814997,-0.134814997,-0.724630607,-0.134814997,-0.724630607,-0.724630607,-0.724630607,-0.134814997,-0.724630607,-0.134814997,-0.724630607,-1.314446218,-1.314446218,-0.724630607,-0.134814997,0.455000614,2.224447446,2.224447446,2.224447446,2.224447446,-0.724630607,2.224447446,-0.134814997,-0.724630607,2.224447446,-0.724630607,-0.134814997,-0.724630607,1.044816225,1.044816225,-0.724630607,-0.134814997,-0.134814997,-0.134814997,2.224447446,0.455000614,-0.724630607,-0.134814997,2.224447446,0.455000614,-0.134814997,1.634631835,-0.134814997,1.634631835,-0.724630607,-0.724630607,-0.724630607
JE52,22,37,Adv,Jordan,6,7,4,4,5,7,6,5,4,3,4,5,5,5,4,4,5,5,4,6,4,5,4,5,6,3,4,7,6,7,5,6,6,5,6,4,4,7,7,5,4,2,5,5,6,6,1,5,6,1,1,6,3,4,4,1,6,1,5,6,4,4,4,6,4,6,4,3,5,5,6,3,-0.925792293,-1.593889824,0.410402769,0.410402769,-0.257694762,-1.593889824,-0.925792293,-0.257694762,0.410402769,1.0785003,0.410402769,-0.257694762,-0.257694762,-0.257694762,0.410402769,0.410402769,-0.257694762,-0.257694762,0.410402769,-0.925792293,0.410402769,-0.257694762,0.410402769,-0.257694762,-0.925792293,1.0785003,0.410402769,-1.593889824,-0.925792293,-1.593889824,-0.257694762,-0.925792293,-0.925792293,-0.257694762,-0.925792293,0.410402769,0.410402769,-1.593889824,-1.593889824,-0.257694762,0.410402769,1.746597831,-0.257694762,-0.257694762,-0.925792293,-0.925792293,2.414695362,-0.257694762,-0.925792293,2.414695362,2.414695362,-0.925792293,1.0785003,0.410402769,0.410402769,2.414695362,-0.925792293,2.414695362,-0.257694762,-0.925792293,0.410402769,0.410402769,0.410402769,-0.925792293,0.410402769,-0.925792293,0.410402769,1.0785003,-0.257694762,-0.257694762,-0.925792293,1.0785003
JE62,23,37,Adv,Jordan,NA,NA,NA,NA,NA,NA,NA,NA,NA,NA,NA,NA,NA,NA,NA,NA,NA,NA,NA,NA,NA,NA,NA,NA,NA,NA,NA,NA,NA,NA,NA,NA,NA,NA,NA,NA,NA,NA,NA,NA,NA,NA,NA,NA,NA,NA,NA,NA,NA,NA,NA,NA,NA,NA,NA,NA,NA,NA,NA,NA,NA,NA,NA,NA,NA,NA,NA,NA,NA,NA,NA,NA,NA,NA,NA,NA,NA,NA,NA,NA,NA,NA,NA,NA,NA,NA,NA,NA,NA,NA,NA,NA,NA,NA,NA,NA,NA,NA,NA,NA,NA,NA,NA,NA,NA,NA,NA,NA,NA,NA,NA,NA,NA,NA,NA,NA,NA,NA,NA,NA,NA,NA,NA,NA,NA,NA,NA,NA,NA,NA,NA,NA,NA,NA,NA,NA,NA,NA,NA,NA,NA,NA,NA,NA
JE04,21,38,Adv,Jordan,5,1,5,6,5,6,3,7,4,2,6,1,5,2,5,4,4,6,6,6,6,7,6,2,3,3,5,6,5,5,5,2,7,3,2,2,2,7,4,4,5,4,4,4,1,4,4,6,4,2,2,4,2,3,2,3,2,6,4,1,1,4,2,3,5,2,2,2,2,2,2,2,-0.696397937,1.597618796,-0.696397937,-1.26990212,-0.696397937,-1.26990212,0.45061043,-1.843406303,-0.122893754,1.024114613,-1.26990212,1.597618796,-0.696397937,1.024114613,-0.696397937,-0.122893754,-0.122893754,-1.26990212,-1.26990212,-1.26990212,-1.26990212,-1.843406303,-1.26990212,1.024114613,0.45061043,0.45061043,-0.696397937,-1.26990212,-0.696397937,-0.696397937,-0.696397937,1.024114613,-1.843406303,0.45061043,1.024114613,1.024114613,1.024114613,-1.843406303,-0.122893754,-0.122893754,-0.696397937,-0.122893754,-0.122893754,-0.122893754,1.597618796,-0.122893754,-0.122893754,-1.26990212,-0.122893754,1.024114613,1.024114613,-0.122893754,1.024114613,0.45061043,1.024114613,0.45061043,1.024114613,-1.26990212,-0.122893754,1.597618796,1.597618796,-0.122893754,1.024114613,0.45061043,-0.696397937,1.024114613,1.024114613,1.024114613,1.024114613,1.024114613,1.024114613,1.024114613
JE13,20,38,Adv,Jordan,1,2,2,3,4,3,3,4,3,3,2,2,3,4,4,2,4,3,3,6,6,5,5,3,3,3,5,6,2,5,5,2,3,4,3,4,1,3,2,2,2,5,3,2,6,4,2,5,4,2,2,4,2,5,3,5,4,6,6,4,3,2,3,3,3,3,5,3,3,3,6,2,1.915779937,1.149467962,1.149467962,0.383155987,-0.383155987,0.383155987,0.383155987,-0.383155987,0.383155987,0.383155987,1.149467962,1.149467962,0.383155987,-0.383155987,-0.383155987,1.149467962,-0.383155987,0.383155987,0.383155987,-1.915779937,-1.915779937,-1.149467962,-1.149467962,0.383155987,0.383155987,0.383155987,-1.149467962,-1.915779937,1.149467962,-1.149467962,-1.149467962,1.149467962,0.383155987,-0.383155987,0.383155987,-0.383155987,1.915779937,0.383155987,1.149467962,1.149467962,1.149467962,-1.149467962,0.383155987,1.149467962,-1.915779937,-0.383155987,1.149467962,-1.149467962,-0.383155987,1.149467962,1.149467962,-0.383155987,1.149467962,-1.149467962,0.383155987,-1.149467962,-0.383155987,-1.915779937,-1.915779937,-0.383155987,0.383155987,1.149467962,0.383155987,0.383155987,0.383155987,0.383155987,-1.149467962,0.383155987,0.383155987,0.383155987,-1.915779937,1.149467962
JE50,21,38,Adv,Jordan,7,7,6,7,7,4,6,6,7,7,5,6,6,5,5,6,4,6,5,4,3,5,5,3,3,3,4,6,5,7,6,7,5,7,7,5,7,6,7,7,5,6,5,3,1,6,1,1,3,3,1,3,3,3,5,1,1,3,1,1,1,3,1,2,3,2,4,3,2,3,3,1,-1.382088815,-1.382088815,-0.888485667,-1.382088815,-1.382088815,0.09872063,-0.888485667,-0.888485667,-1.382088815,-1.382088815,-0.394882518,-0.888485667,-0.888485667,-0.394882518,-0.394882518,-0.888485667,0.09872063,-0.888485667,-0.394882518,0.09872063,0.592323778,-0.394882518,-0.394882518,0.592323778,0.592323778,0.592323778,0.09872063,-0.888485667,-0.394882518,-1.382088815,-0.888485667,-1.382088815,-0.394882518,-1.382088815,-1.382088815,-0.394882518,-1.382088815,-0.888485667,-1.382088815,-1.382088815,-0.394882518,-0.888485667,-0.394882518,0.592323778,1.579530074,-0.888485667,1.579530074,1.579530074,0.592323778,0.592323778,1.579530074,0.592323778,0.592323778,0.592323778,-0.394882518,1.579530074,1.579530074,0.592323778,1.579530074,1.579530074,1.579530074,0.592323778,1.579530074,1.085926926,0.592323778,1.085926926,0.09872063,0.592323778,1.085926926,0.592323778,0.592323778,1.579530074
JE12,22,39,Adv,Jordan,3,3,4,4,3,5,5,4,4,3,3,6,3,5,3,5,5,3,6,6,4,5,5,7,7,7,6,7,7,5,7,5,5,7,6,7,5,2,7,5,4,4,5,5,1,5,5,1,5,2,4,5,6,3,3,1,1,6,6,6,3,4,3,6,3,2,2,2,6,4,3,2,0.844805659,0.844805659,0.259296787,0.259296787,0.844805659,-0.326212086,-0.326212086,0.259296787,0.259296787,0.844805659,0.844805659,-0.911720959,0.844805659,-0.326212086,0.844805659,-0.326212086,-0.326212086,0.844805659,-0.911720959,-0.911720959,0.259296787,-0.326212086,-0.326212086,-1.497229832,-1.497229832,-1.497229832,-0.911720959,-1.497229832,-1.497229832,-0.326212086,-1.497229832,-0.326212086,-0.326212086,-1.497229832,-0.911720959,-1.497229832,-0.326212086,1.430314532,-1.497229832,-0.326212086,0.259296787,0.259296787,-0.326212086,-0.326212086,2.015823405,-0.326212086,-0.326212086,2.015823405,-0.326212086,1.430314532,0.259296787,-0.326212086,-0.911720959,0.844805659,0.844805659,2.015823405,2.015823405,-0.911720959,-0.911720959,-0.911720959,0.844805659,0.259296787,0.844805659,-0.911720959,0.844805659,1.430314532,1.430314532,1.430314532,-0.911720959,0.259296787,0.844805659,1.430314532
JE15,22,39,Adv,Jordan,4,6,7,7,6,7,5,4,5,5,5,7,5,4,4,5,5,3,6,5,7,6,5,7,7,4,5,5,7,4,4,5,6,4,3,5,6,4,7,7,4,1,5,6,6,4,5,3,5,6,4,6,5,5,5,5,4,4,4,4,5,4,2,4,3,3,5,4,4,6,3,5,0.679933188,-0.855399817,-1.62306632,-1.62306632,-0.855399817,-1.62306632,-0.087733315,0.679933188,-0.087733315,-0.087733315,-0.087733315,-1.62306632,-0.087733315,0.679933188,0.679933188,-0.087733315,-0.087733315,1.447599691,-0.855399817,-0.087733315,-1.62306632,-0.855399817,-0.087733315,-1.62306632,-1.62306632,0.679933188,-0.087733315,-0.087733315,-1.62306632,0.679933188,0.679933188,-0.087733315,-0.855399817,0.679933188,1.447599691,-0.087733315,-0.855399817,0.679933188,-1.62306632,-1.62306632,0.679933188,2.982932696,-0.087733315,-0.855399817,-0.855399817,0.679933188,-0.087733315,1.447599691,-0.087733315,-0.855399817,0.679933188,-0.855399817,-0.087733315,-0.087733315,-0.087733315,-0.087733315,0.679933188,0.679933188,0.679933188,0.679933188,-0.087733315,0.679933188,2.215266194,0.679933188,1.447599691,1.447599691,-0.087733315,0.679933188,0.679933188,-0.855399817,1.447599691,-0.087733315
JE44,31,39,Adv,Jordan,6,6,7,7,5,6,6,6,7,3,7,2,2,5,2,4,4,5,3,6,7,5,5,2,3,5,6,7,7,6,7,5,6,6,6,5,7,7,7,7,6,1,5,6,1,5,1,6,6,6,6,5,2,4,3,1,1,1,1,1,1,3,3,3,1,3,1,3,3,3,2,3,-0.811019042,-0.811019042,-1.284113483,-1.284113483,-0.337924601,-0.811019042,-0.811019042,-0.811019042,-1.284113483,0.608264282,-1.284113483,1.081358723,1.081358723,-0.337924601,1.081358723,0.13516984,0.13516984,-0.337924601,0.608264282,-0.811019042,-1.284113483,-0.337924601,-0.337924601,1.081358723,0.608264282,-0.337924601,-0.811019042,-1.284113483,-1.284113483,-0.811019042,-1.284113483,-0.337924601,-0.811019042,-0.811019042,-0.811019042,-0.337924601,-1.284113483,-1.284113483,-1.284113483,-1.284113483,-0.811019042,1.554453164,-0.337924601,-0.811019042,1.554453164,-0.337924601,1.554453164,-0.811019042,-0.811019042,-0.811019042,-0.811019042,-0.337924601,1.081358723,0.13516984,0.608264282,1.554453164,1.554453164,1.554453164,1.554453164,1.554453164,1.554453164,0.608264282,0.608264282,0.608264282,1.554453164,0.608264282,1.554453164,0.608264282,0.608264282,0.608264282,1.081358723,0.608264282
JE51,26,40,Adv,Jordan,7,7,4,4,4,4,5,4,3,2,4,4,5,4,3,4,4,2,5,4,5,5,5,2,6,4,5,6,6,6,6,6,6,6,3,6,7,7,7,7,6,1,1,4,1,1,1,1,1,1,6,5,5,4,3,6,1,1,1,1,1,1,6,6,2,4,3,2,4,6,4,4,-1.603603317,-1.603603317,-0.044544537,-0.044544537,-0.044544537,-0.044544537,-0.564230797,-0.044544537,0.475141724,0.994827984,-0.044544537,-0.044544537,-0.564230797,-0.044544537,0.475141724,-0.044544537,-0.044544537,0.994827984,-0.564230797,-0.044544537,-0.564230797,-0.564230797,-0.564230797,0.994827984,-1.083917057,-0.044544537,-0.564230797,-1.083917057,-1.083917057,-1.083917057,-1.083917057,-1.083917057,-1.083917057,-1.083917057,0.475141724,-1.083917057,-1.603603317,-1.603603317,-1.603603317,-1.603603317,-1.083917057,1.514514244,1.514514244,-0.044544537,1.514514244,1.514514244,1.514514244,1.514514244,1.514514244,1.514514244,-1.083917057,-0.564230797,-0.564230797,-0.044544537,0.475141724,-1.083917057,1.514514244,1.514514244,1.514514244,1.514514244,1.514514244,1.514514244,-1.083917057,-1.083917057,0.994827984,-0.044544537,0.475141724,0.994827984,-0.044544537,-1.083917057,-0.044544537,-0.044544537
JE54,21,40,Adv,Jordan,6,1,5,6,4,1,4,4,6,2,1,6,1,2,1,1,1,1,5,5,7,6,5,2,2,6,4,4,5,5,6,2,6,6,5,6,7,2,6,6,6,6,4,1,6,3,2,6,2,2,5,2,3,4,1,3,6,6,2,1,6,2,1,6,1,1,2,2,2,1,3,1,-1.162534491,1.273915041,-0.675244584,-1.162534491,-0.187954678,1.273915041,-0.187954678,-0.187954678,-1.162534491,0.786625134,1.273915041,-1.162534491,1.273915041,0.786625134,1.273915041,1.273915041,1.273915041,1.273915041,-0.675244584,-0.675244584,-1.649824397,-1.162534491,-0.675244584,0.786625134,0.786625134,-1.162534491,-0.187954678,-0.187954678,-0.675244584,-0.675244584,-1.162534491,0.786625134,-1.162534491,-1.162534491,-0.675244584,-1.162534491,-1.649824397,0.786625134,-1.162534491,-1.162534491,-1.162534491,-1.162534491,-0.187954678,1.273915041,-1.162534491,0.299335228,0.786625134,-1.162534491,0.786625134,0.786625134,-0.675244584,0.786625134,0.299335228,-0.187954678,1.273915041,0.299335228,-1.162534491,-1.162534491,0.786625134,1.273915041,-1.162534491,0.786625134,1.273915041,-1.162534491,1.273915041,1.273915041,0.786625134,0.786625134,0.786625134,1.273915041,0.299335228,1.273915041
JE07,22,41,Adv,Jordan,3,5,2,4,4,4,4,4,3,3,2,2,3,4,4,4,4,5,3,4,3,5,5,4,3,3,2,2,7,7,5,5,3,2,2,2,3,2,3,3,3,5,4,4,3,5,4,3,2,6,3,2,3,4,4,6,2,2,2,1,5,5,2,2,3,5,3,4,5,4,2,2,0.372231302,-1.160485824,1.138589865,-0.394127261,-0.394127261,-0.394127261,-0.394127261,-0.394127261,0.372231302,0.372231302,1.138589865,1.138589865,0.372231302,-0.394127261,-0.394127261,-0.394127261,-0.394127261,-1.160485824,0.372231302,-0.394127261,0.372231302,-1.160485824,-1.160485824,-0.394127261,0.372231302,0.372231302,1.138589865,1.138589865,-2.693202951,-2.693202951,-1.160485824,-1.160485824,0.372231302,1.138589865,1.138589865,1.138589865,0.372231302,1.138589865,0.372231302,0.372231302,0.372231302,-1.160485824,-0.394127261,-0.394127261,0.372231302,-1.160485824,-0.394127261,0.372231302,1.138589865,-1.926844388,0.372231302,1.138589865,0.372231302,-0.394127261,-0.394127261,-1.926844388,1.138589865,1.138589865,1.138589865,1.904948429,-1.160485824,-1.160485824,1.138589865,1.138589865,0.372231302,-1.160485824,0.372231302,-0.394127261,-1.160485824,-0.394127261,1.138589865,1.138589865
JE17,21,41,Adv,Jordan,7,7,7,7,7,7,4,1,3,2,2,5,7,6,4,4,7,2,4,6,3,5,6,3,5,4,4,2,5,5,2,5,5,5,5,3,7,6,7,7,1,1,1,1,1,1,1,1,5,1,4,4,2,3,2,1,4,1,1,1,2,1,1,1,4,3,2,6,3,2,4,3,-1.665299117,-1.665299117,-1.665299117,-1.665299117,-1.665299117,-1.665299117,-0.220204842,1.224889433,0.26149325,0.743191341,0.743191341,-0.701902934,-1.665299117,-1.183601025,-0.220204842,-0.220204842,-1.665299117,0.743191341,-0.220204842,-1.183601025,0.26149325,-0.701902934,-1.183601025,0.26149325,-0.701902934,-0.220204842,-0.220204842,0.743191341,-0.701902934,-0.701902934,0.743191341,-0.701902934,-0.701902934,-0.701902934,-0.701902934,0.26149325,-1.665299117,-1.183601025,-1.665299117,-1.665299117,1.224889433,1.224889433,1.224889433,1.224889433,1.224889433,1.224889433,1.224889433,1.224889433,-0.701902934,1.224889433,-0.220204842,-0.220204842,0.743191341,0.26149325,0.743191341,1.224889433,-0.220204842,1.224889433,1.224889433,1.224889433,0.743191341,1.224889433,1.224889433,1.224889433,-0.220204842,0.26149325,0.743191341,-1.183601025,0.26149325,0.743191341,-0.220204842,0.26149325
JE08,26,42,Adv,Jordan,7,4,7,6,7,7,6,6,6,2,6,1,4,5,2,4,3,3,5,5,7,5,6,7,2,2,2,7,7,5,7,7,7,7,7,4,7,7,7,7,1,1,6,1,1,1,1,1,1,1,1,3,3,3,3,1,1,1,1,1,2,6,2,1,2,2,4,1,1,1,3,5,-1.332023166,-0.088801544,-1.332023166,-0.917615959,-1.332023166,-1.332023166,-0.917615959,-0.917615959,-0.917615959,0.74001287,-0.917615959,1.154420077,-0.088801544,-0.503208752,0.74001287,-0.088801544,0.325605663,0.325605663,-0.503208752,-0.503208752,-1.332023166,-0.503208752,-0.917615959,-1.332023166,0.74001287,0.74001287,0.74001287,-1.332023166,-1.332023166,-0.503208752,-1.332023166,-1.332023166,-1.332023166,-1.332023166,-1.332023166,-0.088801544,-1.332023166,-1.332023166,-1.332023166,-1.332023166,1.154420077,1.154420077,-0.917615959,1.154420077,1.154420077,1.154420077,1.154420077,1.154420077,1.154420077,1.154420077,1.154420077,0.325605663,0.325605663,0.325605663,0.325605663,1.154420077,1.154420077,1.154420077,1.154420077,1.154420077,0.74001287,-0.917615959,0.74001287,1.154420077,0.74001287,0.74001287,-0.088801544,1.154420077,1.154420077,1.154420077,0.325605663,-0.503208752
JE20,22,42,Adv,Jordan,7,6,5,5,5,5,1,4,4,1,1,3,2,2,1,1,1,1,5,5,7,5,7,7,2,6,4,6,6,5,7,4,4,6,2,4,6,7,7,5,5,5,6,6,1,1,5,6,2,3,2,3,2,2,1,4,6,4,1,3,6,4,1,2,1,1,2,1,2,1,2,2,-1.644900842,-1.161106476,-0.677312111,-0.677312111,-0.677312111,-0.677312111,1.257865349,-0.193517746,-0.193517746,1.257865349,1.257865349,0.290276619,0.774070984,0.774070984,1.257865349,1.257865349,1.257865349,1.257865349,-0.677312111,-0.677312111,-1.644900842,-0.677312111,-1.644900842,-1.644900842,0.774070984,-1.161106476,-0.193517746,-1.161106476,-1.161106476,-0.677312111,-1.644900842,-0.193517746,-0.193517746,-1.161106476,0.774070984,-0.193517746,-1.161106476,-1.644900842,-1.644900842,-0.677312111,-0.677312111,-0.677312111,-1.161106476,-1.161106476,1.257865349,1.257865349,-0.677312111,-1.161106476,0.774070984,0.290276619,0.774070984,0.290276619,0.774070984,0.774070984,1.257865349,-0.193517746,-1.161106476,-0.193517746,1.257865349,0.290276619,-1.161106476,-0.193517746,1.257865349,0.774070984,1.257865349,1.257865349,0.774070984,1.257865349,0.774070984,1.257865349,0.774070984,0.774070984
JE40,26,42,Adv,Jordan,4,5,5,4,5,6,4,4,5,4,5,6,5,5,5,5,5,5,4,5,5,5,4,5,4,6,6,6,6,7,6,6,6,6,6,6,7,6,7,6,6,1,1,1,1,1,6,1,6,1,6,6,6,4,4,6,1,1,1,1,5,6,6,1,5,4,6,6,4,7,5,4,0.333153347,-0.209189311,-0.209189311,0.333153347,-0.209189311,-0.751531968,0.333153347,0.333153347,-0.209189311,0.333153347,-0.209189311,-0.751531968,-0.209189311,-0.209189311,-0.209189311,-0.209189311,-0.209189311,-0.209189311,0.333153347,-0.209189311,-0.209189311,-0.209189311,0.333153347,-0.209189311,0.333153347,-0.751531968,-0.751531968,-0.751531968,-0.751531968,-1.293874626,-0.751531968,-0.751531968,-0.751531968,-0.751531968,-0.751531968,-0.751531968,-1.293874626,-0.751531968,-1.293874626,-0.751531968,-0.751531968,1.960181319,1.960181319,1.960181319,1.960181319,1.960181319,-0.751531968,1.960181319,-0.751531968,1.960181319,-0.751531968,-0.751531968,-0.751531968,0.333153347,0.333153347,-0.751531968,1.960181319,1.960181319,1.960181319,1.960181319,-0.209189311,-0.751531968,-0.751531968,1.960181319,-0.209189311,0.333153347,-0.751531968,-0.751531968,0.333153347,-1.293874626,-0.209189311,0.333153347
JE55,22,42,Adv,Jordan,2,3,1,3,1,4,3,4,4,2,2,2,2,3,3,3,2,2,5,5,7,6,6,2,3,2,2,2,2,7,5,5,5,5,7,5,4,4,4,4,4,3,3,2,4,4,4,5,2,3,2,3,3,2,1,4,2,4,3,3,1,2,1,2,2,2,1,2,1,2,2,1,0.72038782,0.07388593,1.36688971,0.07388593,1.36688971,-0.57261596,0.07388593,-0.57261596,-0.57261596,0.72038782,0.72038782,0.72038782,0.72038782,0.07388593,0.07388593,0.07388593,0.72038782,0.72038782,-1.21911785,-1.21911785,-2.512121629,-1.865619739,-1.865619739,0.72038782,0.07388593,0.72038782,0.72038782,0.72038782,0.72038782,-2.512121629,-1.21911785,-1.21911785,-1.21911785,-1.21911785,-2.512121629,-1.21911785,-0.57261596,-0.57261596,-0.57261596,-0.57261596,-0.57261596,0.07388593,0.07388593,0.72038782,-0.57261596,-0.57261596,-0.57261596,-1.21911785,0.72038782,0.07388593,0.72038782,0.07388593,0.07388593,0.72038782,1.36688971,-0.57261596,0.72038782,-0.57261596,0.07388593,0.07388593,1.36688971,0.72038782,1.36688971,0.72038782,0.72038782,0.72038782,1.36688971,0.72038782,1.36688971,0.72038782,0.72038782,1.36688971
JE39,22,43,Adv,Jordan,6,7,6,6,6,6,7,6,6,3,6,6,6,3,5,5,3,2,3,3,5,5,5,2,3,3,5,5,5,2,2,5,3,3,4,3,5,6,7,5,1,6,6,6,1,1,6,1,5,2,6,6,6,3,3,6,5,3,5,6,2,3,2,2,1,2,4,3,2,3,3,5,-1.088324761,-1.661127266,-1.088324761,-1.088324761,-1.088324761,-1.088324761,-1.661127266,-1.088324761,-1.088324761,0.630082756,-1.088324761,-1.088324761,-1.088324761,0.630082756,-0.515522255,-0.515522255,0.630082756,1.202885262,0.630082756,0.630082756,-0.515522255,-0.515522255,-0.515522255,1.202885262,0.630082756,0.630082756,-0.515522255,-0.515522255,-0.515522255,1.202885262,1.202885262,-0.515522255,0.630082756,0.630082756,0.057280251,0.630082756,-0.515522255,-1.088324761,-1.661127266,-0.515522255,1.775687767,-1.088324761,-1.088324761,-1.088324761,1.775687767,1.775687767,-1.088324761,1.775687767,-0.515522255,1.202885262,-1.088324761,-1.088324761,-1.088324761,0.630082756,0.630082756,-1.088324761,-0.515522255,0.630082756,-0.515522255,-1.088324761,1.202885262,0.630082756,1.202885262,1.202885262,1.775687767,1.202885262,0.057280251,0.630082756,1.202885262,0.630082756,0.630082756,-0.515522255
JE49,19,43,Adv,Jordan,7,7,7,7,7,7,7,4,7,7,7,4,7,2,3,4,5,3,6,6,7,5,4,7,7,7,7,7,7,7,7,7,7,6,7,7,7,7,7,7,1,1,1,4,1,1,1,1,1,1,1,3,2,2,2,1,1,1,1,1,5,1,4,5,4,5,5,3,5,7,6,6,-1.003886755,-1.003886755,-1.003886755,-1.003886755,-1.003886755,-1.003886755,-1.003886755,0.221788934,-1.003886755,-1.003886755,-1.003886755,0.221788934,-1.003886755,1.038906061,0.630347497,0.221788934,-0.186769629,0.630347497,-0.595328192,-0.595328192,-1.003886755,-0.186769629,0.221788934,-1.003886755,-1.003886755,-1.003886755,-1.003886755,-1.003886755,-1.003886755,-1.003886755,-1.003886755,-1.003886755,-1.003886755,-0.595328192,-1.003886755,-1.003886755,-1.003886755,-1.003886755,-1.003886755,-1.003886755,1.447464624,1.447464624,1.447464624,0.221788934,1.447464624,1.447464624,1.447464624,1.447464624,1.447464624,1.447464624,1.447464624,0.630347497,1.038906061,1.038906061,1.038906061,1.447464624,1.447464624,1.447464624,1.447464624,1.447464624,-0.186769629,1.447464624,0.221788934,-0.186769629,0.221788934,-0.186769629,-0.186769629,0.630347497,-0.186769629,-1.003886755,-0.595328192,-0.595328192
JE19,23,44,Adv,Jordan,6,7,7,6,6,7,6,1,6,6,6,6,6,7,6,5,3,6,5,3,7,4,4,2,7,5,2,2,2,2,5,6,5,7,5,5,7,7,4,6,6,6,1,5,1,3,1,2,1,2,1,1,2,1,1,1,1,1,6,6,2,1,1,5,3,1,1,1,1,1,3,3,-0.983420512,-1.424698947,-1.424698947,-0.983420512,-0.983420512,-1.424698947,-0.983420512,1.222971662,-0.983420512,-0.983420512,-0.983420512,-0.983420512,-0.983420512,-1.424698947,-0.983420512,-0.542142077,0.340414793,-0.983420512,-0.542142077,0.340414793,-1.424698947,-0.100863642,-0.100863642,0.781693227,-1.424698947,-0.542142077,0.781693227,0.781693227,0.781693227,0.781693227,-0.542142077,-0.983420512,-0.542142077,-1.424698947,-0.542142077,-0.542142077,-1.424698947,-1.424698947,-0.100863642,-0.983420512,-0.983420512,-0.983420512,1.222971662,-0.542142077,1.222971662,0.340414793,1.222971662,0.781693227,1.222971662,0.781693227,1.222971662,1.222971662,0.781693227,1.222971662,1.222971662,1.222971662,1.222971662,1.222971662,-0.983420512,-0.983420512,0.781693227,1.222971662,1.222971662,-0.542142077,0.340414793,1.222971662,1.222971662,1.222971662,1.222971662,1.222971662,0.340414793,0.340414793
JE21,22,44,Adv,Jordan,5,5,5,5,5,5,5,5,5,3,3,4,4,4,5,7,3,3,5,3,5,7,5,5,7,7,7,7,7,7,7,7,5,7,7,7,5,7,5,1,5,5,5,3,1,5,5,5,1,1,1,1,1,1,1,1,1,1,1,1,1,2,1,1,3,1,1,1,1,1,1,3,-0.536123821,-0.536123821,-0.536123821,-0.536123821,-0.536123821,-0.536123821,-0.536123821,-0.536123821,-0.536123821,0.336635888,0.336635888,-0.099743967,-0.099743967,-0.099743967,-0.536123821,-1.40888353,0.336635888,0.336635888,-0.536123821,0.336635888,-0.536123821,-1.40888353,-0.536123821,-0.536123821,-1.40888353,-1.40888353,-1.40888353,-1.40888353,-1.40888353,-1.40888353,-1.40888353,-1.40888353,-0.536123821,-1.40888353,-1.40888353,-1.40888353,-0.536123821,-1.40888353,-0.536123821,1.209395597,-0.536123821,-0.536123821,-0.536123821,0.336635888,1.209395597,-0.536123821,-0.536123821,-0.536123821,1.209395597,1.209395597,1.209395597,1.209395597,1.209395597,1.209395597,1.209395597,1.209395597,1.209395597,1.209395597,1.209395597,1.209395597,1.209395597,0.773015742,1.209395597,1.209395597,0.336635888,1.209395597,1.209395597,1.209395597,1.209395597,1.209395597,1.209395597,0.336635888
JE25,30,44,Adv,Jordan,6,7,7,7,7,7,5,3,3,6,2,7,4,7,6,3,5,5,7,7,6,5,5,6,7,7,7,7,7,7,7,7,7,7,7,7,7,7,7,7,1,1,1,1,1,1,1,1,4,2,1,3,2,2,4,1,1,6,1,1,5,6,2,6,6,3,5,5,1,1,6,1,-0.614229803,-1.023716338,-1.023716338,-1.023716338,-1.023716338,-1.023716338,-0.204743268,0.614229803,0.614229803,-0.614229803,1.023716338,-1.023716338,0.204743268,-1.023716338,-0.614229803,0.614229803,-0.204743268,-0.204743268,-1.023716338,-1.023716338,-0.614229803,-0.204743268,-0.204743268,-0.614229803,-1.023716338,-1.023716338,-1.023716338,-1.023716338,-1.023716338,-1.023716338,-1.023716338,-1.023716338,-1.023716338,-1.023716338,-1.023716338,-1.023716338,-1.023716338,-1.023716338,-1.023716338,-1.023716338,1.433202873,1.433202873,1.433202873,1.433202873,1.433202873,1.433202873,1.433202873,1.433202873,0.204743268,1.023716338,1.433202873,0.614229803,1.023716338,1.023716338,0.204743268,1.433202873,1.433202873,-0.614229803,1.433202873,1.433202873,-0.204743268,-0.614229803,1.023716338,-0.614229803,-0.614229803,0.614229803,-0.204743268,-0.204743268,1.433202873,1.433202873,-0.614229803,1.433202873
JE27,23,44,Adv,Jordan,5,5,4,5,5,5,5,5,5,5,5,5,5,5,5,5,3,5,5,3,5,5,5,5,7,7,7,7,7,7,7,7,7,7,7,7,5,7,7,3,3,3,1,3,1,1,5,4,1,1,1,1,1,1,1,1,1,1,1,1,1,1,1,5,1,1,1,1,1,1,1,1,-0.546229285,-0.546229285,-0.121384286,-0.546229285,-0.546229285,-0.546229285,-0.546229285,-0.546229285,-0.546229285,-0.546229285,-0.546229285,-0.546229285,-0.546229285,-0.546229285,-0.546229285,-0.546229285,0.303460714,-0.546229285,-0.546229285,0.303460714,-0.546229285,-0.546229285,-0.546229285,-0.546229285,-1.395919284,-1.395919284,-1.395919284,-1.395919284,-1.395919284,-1.395919284,-1.395919284,-1.395919284,-1.395919284,-1.395919284,-1.395919284,-1.395919284,-0.546229285,-1.395919284,-1.395919284,0.303460714,0.303460714,0.303460714,1.153150713,0.303460714,1.153150713,1.153150713,-0.546229285,-0.121384286,1.153150713,1.153150713,1.153150713,1.153150713,1.153150713,1.153150713,1.153150713,1.153150713,1.153150713,1.153150713,1.153150713,1.153150713,1.153150713,1.153150713,1.153150713,-0.546229285,1.153150713,1.153150713,1.153150713,1.153150713,1.153150713,1.153150713,1.153150713,1.153150713
JE46,24,44,Adv,Jordan,6,6,6,1,4,7,3,6,7,6,7,6,2,7,7,7,6,6,2,6,6,6,7,4,2,5,2,5,5,2,2,7,4,6,7,5,7,6,6,7,1,1,1,1,1,1,1,2,1,1,1,2,2,2,2,2,1,1,6,1,1,6,2,6,1,5,6,1,5,6,6,3,-0.872273499,-0.872273499,-0.872273499,1.2478357,-0.024229819,-1.296295339,0.39979202,-0.872273499,-1.296295339,-0.872273499,-1.296295339,-0.872273499,0.82381386,-1.296295339,-1.296295339,-1.296295339,-0.872273499,-0.872273499,0.82381386,-0.872273499,-0.872273499,-0.872273499,-1.296295339,-0.024229819,0.82381386,-0.448251659,0.82381386,-0.448251659,-0.448251659,0.82381386,0.82381386,-1.296295339,-0.024229819,-0.872273499,-1.296295339,-0.448251659,-1.296295339,-0.872273499,-0.872273499,-1.296295339,1.2478357,1.2478357,1.2478357,1.2478357,1.2478357,1.2478357,1.2478357,0.82381386,1.2478357,1.2478357,1.2478357,0.82381386,0.82381386,0.82381386,0.82381386,0.82381386,1.2478357,1.2478357,-0.872273499,1.2478357,1.2478357,-0.872273499,0.82381386,-0.872273499,1.2478357,-0.448251659,-0.872273499,1.2478357,-0.448251659,-0.872273499,-0.872273499,0.39979202
JE02,24,45,Adv,Jordan,6,4,3,4,4,4,6,5,6,5,3,3,6,4,6,2,6,5,7,6,6,4,6,2,4,7,4,5,5,6,4,5,6,4,6,6,3,7,4,2,5,1,4,1,1,4,2,1,1,2,2,4,2,2,4,3,3,2,6,5,1,2,1,6,2,1,6,2,1,2,2,6,-1.164437492,-0.091929276,0.444324833,-0.091929276,-0.091929276,-0.091929276,-1.164437492,-0.628183384,-1.164437492,-0.628183384,0.444324833,0.444324833,-1.164437492,-0.091929276,-1.164437492,0.980578941,-1.164437492,-0.628183384,-1.700691601,-1.164437492,-1.164437492,-0.091929276,-1.164437492,0.980578941,-0.091929276,-1.700691601,-0.091929276,-0.628183384,-0.628183384,-1.164437492,-0.091929276,-0.628183384,-1.164437492,-0.091929276,-1.164437492,-1.164437492,0.444324833,-1.700691601,-0.091929276,0.980578941,-0.628183384,1.516833049,-0.091929276,1.516833049,1.516833049,-0.091929276,0.980578941,1.516833049,1.516833049,0.980578941,0.980578941,-0.091929276,0.980578941,0.980578941,-0.091929276,0.444324833,0.444324833,0.980578941,-1.164437492,-0.628183384,1.516833049,0.980578941,1.516833049,-1.164437492,0.980578941,1.516833049,-1.164437492,0.980578941,1.516833049,0.980578941,0.980578941,-1.164437492
JE23,24,45,Adv,Jordan,6,2,3,3,4,6,3,6,4,4,4,2,4,5,6,5,4,4,2,2,4,6,5,2,2,4,6,6,6,5,6,6,7,7,6,7,6,6,4,2,2,6,6,4,6,5,2,2,4,2,4,2,4,2,3,3,3,6,4,4,2,3,2,3,6,4,4,4,4,2,6,4,-1.165158525,1.383625749,0.74642968,0.74642968,0.109233612,-1.165158525,0.74642968,-1.165158525,0.109233612,0.109233612,0.109233612,1.383625749,0.109233612,-0.527962457,-1.165158525,-0.527962457,0.109233612,0.109233612,1.383625749,1.383625749,0.109233612,-1.165158525,-0.527962457,1.383625749,1.383625749,0.109233612,-1.165158525,-1.165158525,-1.165158525,-0.527962457,-1.165158525,-1.165158525,-1.802354594,-1.802354594,-1.165158525,-1.802354594,-1.165158525,-1.165158525,0.109233612,1.383625749,1.383625749,-1.165158525,-1.165158525,0.109233612,-1.165158525,-0.527962457,1.383625749,1.383625749,0.109233612,1.383625749,0.109233612,1.383625749,0.109233612,1.383625749,0.74642968,0.74642968,0.74642968,-1.165158525,0.109233612,0.109233612,1.383625749,0.74642968,1.383625749,0.74642968,-1.165158525,0.109233612,0.109233612,0.109233612,0.109233612,1.383625749,-1.165158525,0.109233612
JE24,24,45,Adv,Jordan,5,7,7,7,6,7,4,5,4,6,3,6,6,6,6,4,7,6,2,5,7,7,6,4,7,7,6,5,7,7,5,6,7,7,7,7,6,7,7,7,1,1,1,1,1,1,1,1,1,1,1,3,3,3,3,3,3,7,1,1,2,1,4,6,5,5,5,1,2,3,1,3,-0.294105049,-1.151911444,-1.151911444,-1.151911444,-0.723008247,-1.151911444,0.134798148,-0.294105049,0.134798148,-0.723008247,0.563701345,-0.723008247,-0.723008247,-0.723008247,-0.723008247,0.134798148,-1.151911444,-0.723008247,0.992604542,-0.294105049,-1.151911444,-1.151911444,-0.723008247,0.134798148,-1.151911444,-1.151911444,-0.723008247,-0.294105049,-1.151911444,-1.151911444,-0.294105049,-0.723008247,-1.151911444,-1.151911444,-1.151911444,-1.151911444,-0.723008247,-1.151911444,-1.151911444,-1.151911444,1.421507739,1.421507739,1.421507739,1.421507739,1.421507739,1.421507739,1.421507739,1.421507739,1.421507739,1.421507739,1.421507739,0.563701345,0.563701345,0.563701345,0.563701345,0.563701345,0.563701345,-1.151911444,1.421507739,1.421507739,0.992604542,1.421507739,0.134798148,-0.723008247,-0.294105049,-0.294105049,-0.294105049,1.421507739,0.992604542,0.563701345,1.421507739,0.563701345
JE05,23,46,Adv,Jordan,4,7,6,6,6,7,7,5,1,7,7,3,7,6,4,2,6,6,7,5,7,7,7,5,6,7,7,7,6,6,5,7,7,5,6,1,7,7,7,7,1,1,1,1,1,1,2,1,3,5,2,2,2,4,2,3,3,6,2,2,1,2,6,2,2,2,1,1,1,6,1,2,0.08314943,-1.164092015,-0.748344867,-0.748344867,-0.748344867,-1.164092015,-1.164092015,-0.332597719,1.330390875,-1.164092015,-1.164092015,0.498896578,-1.164092015,-0.748344867,0.08314943,0.914643726,-0.748344867,-0.748344867,-1.164092015,-0.332597719,-1.164092015,-1.164092015,-1.164092015,-0.332597719,-0.748344867,-1.164092015,-1.164092015,-1.164092015,-0.748344867,-0.748344867,-0.332597719,-1.164092015,-1.164092015,-0.332597719,-0.748344867,1.330390875,-1.164092015,-1.164092015,-1.164092015,-1.164092015,1.330390875,1.330390875,1.330390875,1.330390875,1.330390875,1.330390875,0.914643726,1.330390875,0.498896578,-0.332597719,0.914643726,0.914643726,0.914643726,0.08314943,0.914643726,0.498896578,0.498896578,-0.748344867,0.914643726,0.914643726,1.330390875,0.914643726,-0.748344867,0.914643726,0.914643726,0.914643726,1.330390875,1.330390875,1.330390875,-0.748344867,1.330390875,0.914643726
JE16,19,46,Adv,Jordan,6,7,7,7,7,7,3,7,7,3,2,7,7,4,7,7,2,2,7,2,7,7,7,7,5,5,6,4,4,5,5,5,6,5,5,5,7,7,7,5,6,1,6,6,1,1,5,1,5,2,1,5,4,5,5,5,3,4,5,6,2,5,4,5,1,1,1,4,5,1,2,1,-0.692647828,-1.167994377,-1.167994377,-1.167994377,-1.167994377,-1.167994377,0.733391818,-1.167994377,-1.167994377,0.733391818,1.208738367,-1.167994377,-1.167994377,0.258045269,-1.167994377,-1.167994377,1.208738367,1.208738367,-1.167994377,1.208738367,-1.167994377,-1.167994377,-1.167994377,-1.167994377,-0.217301279,-0.217301279,-0.692647828,0.258045269,0.258045269,-0.217301279,-0.217301279,-0.217301279,-0.692647828,-0.217301279,-0.217301279,-0.217301279,-1.167994377,-1.167994377,-1.167994377,-0.217301279,-0.692647828,1.684084915,-0.692647828,-0.692647828,1.684084915,1.684084915,-0.217301279,1.684084915,-0.217301279,1.208738367,1.684084915,-0.217301279,0.258045269,-0.217301279,-0.217301279,-0.217301279,0.733391818,0.258045269,-0.217301279,-0.692647828,1.208738367,-0.217301279,0.258045269,-0.217301279,1.684084915,1.684084915,1.684084915,0.258045269,-0.217301279,1.684084915,1.208738367,1.684084915
JE01,24,47,Adv,Jordan,6,5,5,6,5,7,4,4,1,5,3,6,3,6,6,4,4,4,5,3,2,5,6,5,2,6,3,4,4,4,6,5,6,5,7,4,7,7,7,3,3,7,4,7,7,1,7,4,2,3,2,2,5,2,2,5,3,3,2,6,3,3,5,4,3,5,5,6,4,4,2,2,-0.997426586,-0.405732848,-0.405732848,-0.997426586,-0.405732848,-1.589120323,0.185960889,0.185960889,1.961042101,-0.405732848,0.777654626,-0.997426586,0.777654626,-0.997426586,-0.997426586,0.185960889,0.185960889,0.185960889,-0.405732848,0.777654626,1.369348363,-0.405732848,-0.997426586,-0.405732848,1.369348363,-0.997426586,0.777654626,0.185960889,0.185960889,0.185960889,-0.997426586,-0.405732848,-0.997426586,-0.405732848,-1.589120323,0.185960889,-1.589120323,-1.589120323,-1.589120323,0.777654626,0.777654626,-1.589120323,0.185960889,-1.589120323,-1.589120323,1.961042101,-1.589120323,0.185960889,1.369348363,0.777654626,1.369348363,1.369348363,-0.405732848,1.369348363,1.369348363,-0.405732848,0.777654626,0.777654626,1.369348363,-0.997426586,0.777654626,0.777654626,-0.405732848,0.185960889,0.777654626,-0.405732848,-0.405732848,-0.997426586,0.185960889,0.185960889,1.369348363,1.369348363
JE43,22,49,Adv,Jordan,6,6,6,6,6,6,6,6,6,1,6,6,4,6,6,5,6,6,6,6,7,6,6,6,7,6,6,6,7,7,5,6,6,7,7,6,7,6,6,7,7,7,7,6,7,7,7,7,2,2,1,3,2,2,1,2,2,2,2,5,1,1,1,6,6,1,1,2,1,6,1,6,-0.511546996,-0.511546996,-0.511546996,-0.511546996,-0.511546996,-0.511546996,-0.511546996,-0.511546996,-0.511546996,1.754800455,-0.511546996,-0.511546996,0.394991984,-0.511546996,-0.511546996,-0.058277506,-0.511546996,-0.511546996,-0.511546996,-0.511546996,-0.964816486,-0.511546996,-0.511546996,-0.511546996,-0.964816486,-0.511546996,-0.511546996,-0.511546996,-0.964816486,-0.964816486,-0.058277506,-0.511546996,-0.511546996,-0.964816486,-0.964816486,-0.511546996,-0.964816486,-0.511546996,-0.511546996,-0.964816486,-0.964816486,-0.964816486,-0.964816486,-0.511546996,-0.964816486,-0.964816486,-0.964816486,-0.964816486,1.301530965,1.301530965,1.754800455,0.848261474,1.301530965,1.301530965,1.754800455,1.301530965,1.301530965,1.301530965,1.301530965,-0.058277506,1.754800455,1.754800455,1.754800455,-0.511546996,-0.511546996,1.754800455,1.754800455,1.301530965,1.754800455,-0.511546996,1.754800455,-0.511546996